,data,idr_manha,idr_tarde,idf_manha,idf_tarde,tmp_manha,tmp_tarde,ws_manha,ws_tarde,wind_electricity,pv_electricity
0,2019-01-01,0.17216666666666666,0.464,0.165,0.22883333333333336,25.70333333333333,28.93283333333333,3.7648333333333333,4.356,1.0790000000000002,4.990999999999999
1,2019-01-02,0.2778333333333334,0.5686666666666667,0.10866666666666668,0.1765,26.207666666666668,31.3565,3.2185,1.6799999999999995,0.29600000000000004,5.348999999999998
2,2019-01-03,0.004,0.02283333333333333,0.13183333333333333,0.3003333333333333,26.98983333333333,25.18383333333333,2.2786666666666666,5.549166666666667,1.371,2.306
3,2019-01-04,0.2555,0.5476666666666666,0.12033333333333335,0.1875,21.721,24.702,2.1491666666666664,3.0145,0.28,5.436
4,2019-01-05,0.223,0.4665000000000001,0.13483333333333333,0.22116666666666665,21.689166666666665,24.41133333333333,3.3725,4.981166666666667,1.256,5.193
5,2019-01-06,0.1485,0.25299999999999995,0.17916666666666667,0.32866666666666666,23.7615,27.409,4.582833333333333,3.9605,1.2000000000000002,4.459999999999999
6,2019-01-07,0.18466666666666667,0.18916666666666668,0.1685,0.2926666666666667,25.83166666666667,29.28333333333333,3.9731666666666663,2.6556666666666664,0.56,3.991
7,2019-01-08,0.10000000000000002,0.03733333333333333,0.2105,0.2993333333333333,25.51466666666667,25.914666666666665,1.5246666666666666,3.1528333333333336,0.325,3.216
8,2019-01-09,0.042666666666666665,0.07416666666666667,0.20466666666666666,0.35716666666666663,25.325499999999995,29.40183333333333,3.874333333333334,1.6856666666666664,0.4460000000000001,3.384
9,2019-01-10,0.1711666666666667,0.26166666666666666,0.16316666666666665,0.28300000000000003,25.655500000000004,30.50883333333333,3.0590000000000006,1.7676666666666667,0.22400000000000006,4.143999999999999
10,2019-01-11,0.0625,0.2833333333333333,0.207,0.3126666666666667,23.78183333333334,25.7545,2.2968333333333337,2.8353333333333333,0.297,4.235
11,2019-01-12,0.026166666666666668,0.036000000000000004,0.19866666666666666,0.3266666666666667,23.260833333333334,24.95733333333333,3.182166666666667,3.9965,0.738,2.963
12,2019-01-13,0.25633333333333336,0.3296666666666667,0.12633333333333335,0.2861666666666667,24.75716666666667,27.94833333333333,2.7206666666666663,1.9961666666666664,0.205,4.803
13,2019-01-14,0.21333333333333332,0.16933333333333336,0.153,0.31566666666666665,25.932166666666664,29.023,1.5991666666666668,0.7843333333333334,0.017,4.114
14,2019-01-15,0.14,0.2203333333333333,0.18266666666666667,0.32283333333333325,26.206000000000003,28.925500000000003,1.1763333333333332,1.3728333333333331,0.032,4.175999999999998
15,2019-01-16,0.04,0.02800000000000001,0.21033333333333332,0.2896666666666667,26.435666666666666,28.094000000000005,2.8675,3.1251666666666664,0.377,2.805
16,2019-01-17,0.03833333333333334,0.024000000000000004,0.21133333333333332,0.2858333333333333,24.88583333333333,25.90016666666667,1.6351666666666669,2.4035,0.211,2.7950000000000004
17,2019-01-18,0.04916666666666667,0.095,0.2075,0.3506666666666667,23.60466666666667,26.21333333333333,4.669666666666667,5.700166666666667,2.117,3.464
18,2019-01-19,0.0525,0.08849999999999998,0.20866666666666667,0.361,21.555000000000003,21.564,5.687833333333334,5.578333333333332,2.4870000000000005,3.657
19,2019-01-20,0.16166666666666665,0.13,0.17400000000000002,0.3516666666666666,21.645166666666668,23.32,3.827166666666667,3.980833333333333,0.8570000000000002,4.157
20,2019-01-21,0.126,0.3145000000000001,0.18083333333333326,0.3028333333333333,23.07866666666667,25.576166666666666,1.2848333333333335,2.8716666666666666,0.21900000000000006,4.5950000000000015
21,2019-01-22,0.3306666666666666,0.7158333333333334,0.075,0.11283333333333333,23.880666666666666,27.249166666666664,1.4055,3.281166666666666,0.361,5.896
22,2019-01-23,0.056333333333333326,0.03383333333333334,0.2098333333333333,0.28750000000000003,24.911666666666665,27.785500000000006,2.289833333333333,1.4336666666666666,0.09900000000000002,2.907
23,2019-01-24,0.11166666666666664,0.3933333333333333,0.18416666666666667,0.2625,25.390666666666664,26.57333333333333,3.4986666666666664,4.2523333333333335,0.8969999999999999,4.720999999999999
24,2019-01-25,0.2896666666666667,0.6826666666666666,0.09966666666666668,0.13066666666666668,23.97916666666667,26.707666666666668,4.5075,4.978833333333333,1.62,5.768999999999999
25,2019-01-26,0.3138333333333333,0.6968333333333333,0.08483333333333333,0.12300000000000001,25.14916666666667,28.38516666666667,4.142333333333333,4.627833333333334,1.2879999999999998,5.792000000000002
26,2019-01-27,0.32049999999999995,0.6248333333333332,0.0815,0.15300000000000002,25.84950000000001,29.22916666666667,3.0638333333333336,3.673666666666667,0.6569999999999999,5.601
27,2019-01-28,0.3135000000000001,0.6016666666666667,0.08750000000000001,0.16583333333333336,26.866666666666664,31.79483333333333,2.2976666666666667,1.1731666666666667,0.08300000000000002,5.477
28,2019-01-29,0.2005,0.503,0.14516666666666667,0.21433333333333332,27.78833333333333,32.342499999999994,1.187,0.9276666666666666,0.004,5.0169999999999995
29,2019-01-30,0.051833333333333335,0.4556666666666666,0.19083333333333333,0.2438333333333333,27.12833333333333,32.56233333333333,1.6695,2.0796666666666663,0.06800000000000002,4.4910000000000005
30,2019-01-31,0.10683333333333334,0.22266666666666668,0.19066666666666665,0.3323333333333333,28.061666666666664,30.63966666666667,1.569,2.052833333333333,0.066,4.0939999999999985
31,2019-02-01,0.2358333333333333,0.5589999999999999,0.1265,0.18966666666666665,26.72916666666667,30.9215,1.3601666666666663,1.2816666666666665,0.037000000000000005,5.254
32,2019-02-02,0.135,0.22483333333333333,0.18000000000000002,0.33299999999999996,26.097666666666665,28.47833333333333,2.579,2.841666666666667,0.34400000000000003,4.237
33,2019-02-03,0.060166666666666674,0.2433333333333333,0.195,0.31166666666666665,21.8745,22.855000000000004,4.380166666666667,3.781166666666666,0.978,4.1530000000000005
34,2019-02-04,0.18716666666666668,0.3598333333333333,0.15083333333333335,0.2765,22.1085,23.891666666666666,2.2336666666666667,2.744333333333333,0.22,4.862
35,2019-02-05,0.2645,0.6505,0.1095,0.14616666666666667,21.79066666666667,24.0655,2.267666666666667,2.547333333333333,0.17500000000000004,5.7139999999999995
36,2019-02-06,0.2708333333333333,0.6486666666666666,0.10633333333333334,0.14616666666666667,21.793833333333332,25.204,1.3243333333333331,2.9119999999999995,0.234,5.699000000000002
37,2019-02-07,0.3265,0.7063333333333333,0.079,0.12316666666666665,22.563166666666664,26.70133333333333,2.177833333333333,2.2415,0.162,5.909
38,2019-02-08,0.3295,0.6973333333333334,0.075,0.12300000000000001,24.14,28.3465,1.3013333333333332,0.9413333333333332,0.033,5.821000000000001
39,2019-02-09,0.2753333333333334,0.5788333333333334,0.10216666666666667,0.1758333333333333,25.686833333333336,30.457166666666666,2.290166666666667,1.3721666666666668,0.128,5.357
40,2019-02-10,0.03033333333333333,0.03616666666666666,0.18633333333333332,0.3075,26.753500000000006,29.3215,2.2485,1.39,0.08700000000000002,2.752
41,2019-02-11,0.14666666666666667,0.3206666666666667,0.16749999999999998,0.2701666666666666,25.93533333333333,29.78566666666667,1.6021666666666663,0.9568333333333334,0.017,4.2799999999999985
42,2019-02-12,0.149,0.1391666666666667,0.16616666666666666,0.32383333333333336,23.67733333333333,23.323000000000004,5.936333333333333,5.845,2.8510000000000004,3.908
43,2019-02-13,0.2505,0.5881666666666666,0.11266666666666668,0.17133333333333334,21.3805,24.049166666666665,2.127666666666667,2.7116666666666664,0.22300000000000006,5.508000000000001
44,2019-02-14,0.315,0.5870000000000001,0.08316666666666668,0.16899999999999998,22.465833333333336,25.822,3.2253333333333334,4.24,0.875,5.5790000000000015
45,2019-02-15,0.013333333333333334,0.013833333333333331,0.16066666666666668,0.2423333333333333,22.53883333333333,23.480500000000006,4.163333333333333,4.175166666666667,1.063,2.206
46,2019-02-16,0.25016666666666665,0.5720000000000001,0.11216666666666668,0.17600000000000002,23.10183333333333,25.05533333333333,4.117166666666667,4.698,1.261,5.428
47,2019-02-17,0.4211666666666667,0.464,0.1225,0.16083333333333333,23.37633333333333,24.53766666666667,4.078,4.3068333333333335,1.063,5.543999999999999
48,2019-02-18,0.3323333333333333,0.19433333333333336,0.16516666666666666,0.26666666666666666,24.57833333333333,25.45516666666667,3.8605,4.463166666666666,1.034,4.607
49,2019-02-19,0.209,0.2388333333333333,0.21466666666666667,0.25866666666666666,25.16666666666667,28.144666666666666,1.9893333333333327,1.7698333333333334,0.07900000000000001,4.407
50,2019-02-20,0.449,0.5825,0.10666666666666667,0.11316666666666665,25.84283333333333,27.914166666666667,1.1136666666666668,1.8041666666666665,0.036000000000000004,5.795
51,2019-02-21,0.4223333333333333,0.5388333333333334,0.11983333333333335,0.13366666666666668,25.65433333333333,27.820333333333334,2.0836666666666663,3.620333333333333,0.44799999999999995,5.617999999999999
52,2019-02-22,0.4978333333333334,0.5893333333333334,0.08650000000000001,0.11,25.161666666666665,28.6895,2.1146666666666665,2.5428333333333337,0.22400000000000006,5.909
53,2019-02-23,0.4931666666666667,0.5863333333333333,0.08916666666666667,0.11316666666666665,27.183166666666665,31.182166666666664,1.4518333333333333,1.2938333333333334,0.026,5.8260000000000005
54,2019-02-24,0.4171666666666667,0.2638333333333333,0.12716666666666665,0.21783333333333327,28.799,29.8475,3.467166666666666,4.612166666666667,1.052,4.721000000000001
55,2019-02-25,0.11366666666666665,0.10549999999999997,0.23433333333333334,0.2805,22.011333333333337,23.136999999999997,3.5331666666666663,4.6273333333333335,1.027,3.6039999999999996
56,2019-02-26,0.122,0.05883333333333333,0.237,0.26566666666666666,21.70366666666667,22.666,1.9506666666666663,1.346833333333333,0.04700000000000002,3.3880000000000003
57,2019-02-27,0.15016666666666667,0.18066666666666664,0.2288333333333333,0.2728333333333333,21.196666666666673,22.71283333333333,2.3226666666666667,2.796333333333333,0.228,4.104
58,2019-02-28,0.4113333333333333,0.5153333333333333,0.12183333333333335,0.13883333333333334,22.11133333333333,24.25016666666667,0.9181666666666666,2.0315000000000003,0.048,5.623000000000001
59,2019-03-01,0.4963333333333333,0.5591666666666667,0.08666666666666667,0.1185,22.74483333333333,25.88183333333333,1.3585,2.233333333333333,0.11,5.894
60,2019-03-02,0.5135000000000001,0.6361666666666667,0.07783333333333332,0.08933333333333332,24.424833333333336,28.203833333333336,2.920666666666667,2.865,0.338,6.060999999999999
61,2019-03-03,0.4573333333333334,0.5351666666666667,0.10016666666666668,0.12583333333333332,23.89383333333333,26.08666666666667,1.1814999999999998,2.4673333333333334,0.173,5.695000000000001
62,2019-03-04,0.5011666666666666,0.5766666666666668,0.08266666666666668,0.1095,25.555833333333336,28.848666666666666,3.9333333333333336,4.544666666666667,1.2990000000000002,5.836
63,2019-03-05,0.47,0.292,0.1025,0.18533333333333332,27.00866666666667,29.31383333333333,1.6566666666666665,1.8091666666666668,0.08900000000000001,4.812
64,2019-03-06,0.017,0.040999999999999995,0.17766666666666667,0.26066666666666666,24.58333333333333,27.0025,2.3795,2.730166666666667,0.271,2.4030000000000005
65,2019-03-07,0.255,0.20533333333333334,0.18333333333333326,0.2458333333333333,25.712333333333333,28.388,2.203666666666667,0.9103333333333332,0.08900000000000001,4.249
66,2019-03-08,0.09633333333333334,0.008333333333333335,0.23083333333333336,0.165,25.03716666666667,25.36133333333333,2.1453333333333333,1.401166666666667,0.07600000000000001,2.42
67,2019-03-09,0.0325,0.0215,0.20800000000000005,0.222,22.80266666666667,22.756500000000006,4.444333333333333,4.778333333333333,1.462,2.381
68,2019-03-10,0.3236666666666667,0.2978333333333333,0.15233333333333332,0.20933333333333332,21.08033333333333,22.139,4.0360000000000005,4.1578333333333335,0.971,4.746
69,2019-03-11,0.3678333333333333,0.31016666666666665,0.13466666666666668,0.198,21.979000000000006,22.93366666666667,4.205,4.8453333333333335,1.3680000000000003,4.846000000000001
70,2019-03-12,0.03,0.15483333333333335,0.17600000000000002,0.24600000000000002,22.19733333333333,24.994,3.1198333333333337,2.2605,0.332,2.9219999999999997
71,2019-03-13,0.13233333333333333,0.3916666666666666,0.16766666666666666,0.18433333333333327,23.41216666666667,26.23983333333333,3.3159999999999994,2.7081666666666666,0.38799999999999996,4.134
72,2019-03-14,0.4968333333333333,0.5843333333333334,0.08116666666666666,0.10283333333333332,22.545166666666667,25.612000000000005,2.9933333333333336,3.1430000000000002,0.39299999999999996,5.906999999999999
73,2019-03-15,0.4336666666666667,0.4013333333333334,0.10533333333333332,0.16666666666666666,23.168833333333332,25.284666666666666,0.9356666666666668,2.3073333333333337,0.09,5.227
74,2019-03-16,0.3743333333333334,0.4215,0.12700000000000006,0.15716666666666668,23.613000000000003,25.461,3.9375,4.6295,1.175,5.037
75,2019-03-17,0.058166666666666665,0.03383333333333334,0.20966666666666667,0.21666666666666667,24.06433333333333,24.995,5.1370000000000005,5.466333333333334,2.1020000000000003,2.521
76,2019-03-18,0.26533333333333337,0.19716666666666666,0.1575,0.23133333333333336,24.98833333333333,27.14566666666667,2.261166666666667,1.3916666666666668,0.13600000000000004,4.025
77,2019-03-19,0.4623333333333333,0.5258333333333333,0.09016666666666666,0.11866666666666666,23.2735,25.71116666666667,3.7898333333333336,4.1338333333333335,0.8969999999999999,5.610999999999999
78,2019-03-20,0.11533333333333333,0.14283333333333334,0.20333333333333334,0.245,21.2945,21.66966666666666,3.9906666666666673,3.8958333333333335,0.9119999999999998,3.508
79,2019-03-21,0.42816666666666653,0.4855,0.10116666666666667,0.13183333333333333,19.195333333333327,21.179166666666667,3.4875000000000003,2.980166666666667,0.4720000000000001,5.518
80,2019-03-22,0.3663333333333334,0.09883333333333333,0.13066666666666668,0.23316666666666666,20.672666666666668,21.92866666666667,2.8793333333333333,3.8086666666666655,0.599,4.0569999999999995
81,2019-03-23,0.4901666666666667,0.6101666666666667,0.07816666666666666,0.08916666666666667,20.535499999999995,23.825833333333332,2.4476666666666667,2.9803333333333337,0.28,5.9670000000000005
82,2019-03-24,0.4849999999999999,0.5926666666666667,0.07983333333333333,0.09433333333333334,21.91866666666667,26.30666666666666,1.8523333333333327,2.099166666666666,0.086,5.827999999999999
83,2019-03-25,0.4968333333333333,0.6305,0.07566666666666666,0.08233333333333333,19.914333333333328,22.975666666666665,4.566000000000002,4.377,1.254,6.057
84,2019-03-26,0.4915000000000001,0.5033333333333333,0.07783333333333332,0.11983333333333335,19.5185,22.711,2.9455000000000005,2.994333333333333,0.3600000000000001,5.6880000000000015
85,2019-03-27,0.21950000000000006,0.2836666666666667,0.16816666666666666,0.2,20.997666666666664,22.22816666666667,3.4373333333333336,3.9783333333333335,0.7470000000000001,4.258
86,2019-03-28,0.372,0.3675,0.1165,0.16433333333333336,21.331166666666668,22.67116666666667,4.585,5.1963333333333335,1.703,4.917
87,2019-03-29,0.315,0.2698333333333333,0.13733333333333336,0.18433333333333332,22.37,24.12933333333333,4.211833333333334,5.3966666666666665,1.7210000000000003,4.341
88,2019-03-30,0.3821666666666667,0.3798333333333333,0.11116666666666668,0.158,23.0345,25.99016666666667,2.0596666666666663,2.517,0.24,4.8679999999999986
89,2019-03-31,0.0255,0.06416666666666666,0.1681666666666667,0.23616666666666666,22.82766666666667,25.017,1.9703333333333333,1.9933333333333327,0.087,2.4110000000000005
90,2019-04-01,0.4164999999999999,0.5141666666666667,0.09616666666666666,0.113,23.49716666666667,25.65166666666667,2.883833333333333,3.941666666666667,0.635,5.340000000000002
91,2019-04-02,0.4031666666666667,0.3399999999999999,0.10350000000000002,0.15683333333333332,24.23683333333333,27.255166666666664,2.5805,1.2993333333333332,0.15600000000000006,4.7010000000000005
92,2019-04-03,0.4326666666666667,0.4825,0.09000000000000001,0.1205,25.0495,28.86266666666667,2.3235,1.554833333333333,0.094,5.222999999999999
93,2019-04-04,0.20866666666666667,0.16383333333333336,0.16666666666666666,0.18283333333333326,25.278,28.16066666666667,1.0638333333333334,1.7793333333333337,0.105,3.4080000000000004
94,2019-04-05,0.03616666666666666,0.1795,0.1713333333333333,0.214,22.323833333333337,22.37116666666667,5.322333333333333,5.796500000000001,2.5780000000000003,2.9630000000000005
95,2019-04-06,0.16566666666666668,0.07766666666666668,0.17800000000000002,0.20766666666666667,21.094666666666665,22.208000000000002,2.837666666666667,3.3441666666666667,0.429,3.095
96,2019-04-07,0.013000000000000001,0.024333333333333332,0.1415,0.19433333333333333,19.902166666666666,20.588166666666666,2.806666666666666,2.1148333333333333,0.19700000000000006,1.833
97,2019-04-08,0.3478333333333334,0.4868333333333334,0.11133333333333334,0.11533333333333334,20.191333333333333,21.678500000000003,2.4535,2.5866666666666664,0.204,5.1000000000000005
98,2019-04-09,0.4518333333333334,0.5801666666666667,0.078,0.08650000000000001,19.668666666666667,22.369,2.541,3.5885,0.461,5.678000000000003
99,2019-04-10,0.4696666666666666,0.5845,0.0725,0.08416666666666668,21.253,24.144500000000004,3.9043333333333337,4.033833333333333,0.928,5.699000000000002
100,2019-04-11,0.482,0.5643333333333335,0.06866666666666668,0.08850000000000001,21.564166666666665,26.3335,2.335166666666667,0.9086666666666664,0.08900000000000001,5.627999999999999
101,2019-04-12,0.23666666666666664,0.2941666666666667,0.1415,0.1703333333333333,21.63583333333333,23.536666666666665,2.6115,2.8683333333333336,0.273,4.063
102,2019-04-13,0.2468333333333333,0.2698333333333333,0.1391666666666667,0.17866666666666667,22.381500000000006,24.67233333333333,1.8168333333333333,2.802,0.214,4.0360000000000005
103,2019-04-14,0.3365,0.33183333333333337,0.11083333333333334,0.15616666666666668,24.21783333333333,27.374000000000002,1.41,0.8454999999999999,0.009000000000000001,4.4350000000000005
104,2019-04-15,0.3946666666666667,0.3933333333333333,0.09266666666666667,0.13383333333333333,23.004,23.96866666666667,2.216666666666667,3.1758333333333333,0.3120000000000001,4.835
105,2019-04-16,0.004666666666666665,0.007166666666666668,0.09983333333333333,0.13016666666666668,21.64483333333333,21.7995,5.045833333333333,4.2189999999999985,1.594,1.135
106,2019-04-17,0.2018333333333333,0.452,0.13849999999999998,0.1215,19.733833333333333,22.78533333333333,4.243833333333334,3.015,0.7340000000000002,4.4110000000000005
107,2019-04-18,0.3895,0.4704999999999999,0.08700000000000001,0.10733333333333334,20.696166666666667,23.174166666666668,2.035,2.0456666666666665,0.09200000000000004,5.052999999999999
108,2019-04-19,0.4298333333333333,0.2066666666666667,0.081,0.16866666666666666,20.952166666666667,24.294333333333334,1.7618333333333334,1.9569999999999999,0.065,4.2959999999999985
109,2019-04-20,0.4423333333333333,0.5485,0.07016666666666667,0.08283333333333333,21.91783333333333,25.554000000000002,2.489,2.0080000000000005,0.146,5.3809999999999985
110,2019-04-21,0.08166666666666668,0.11033333333333332,0.16216666666666668,0.18083333333333326,20.972666666666665,22.33316666666667,2.165833333333333,2.607333333333333,0.21600000000000005,2.6260000000000003
111,2019-04-22,0.34450000000000003,0.4176666666666667,0.09716666666666668,0.1175,19.209,21.27683333333333,1.8315,2.052,0.07900000000000001,4.744
112,2019-04-23,0.2851666666666667,0.2560000000000001,0.11383333333333336,0.16416666666666666,20.586166666666667,22.851666666666667,3.066333333333333,4.078333333333333,0.7349999999999999,3.985
113,2019-04-24,0.4228333333333333,0.4938333333333334,0.07283333333333332,0.094,22.280666666666665,25.385166666666667,2.749333333333334,2.333333333333333,0.2230000000000001,5.1110000000000015
114,2019-04-25,0.0665,0.2068333333333333,0.1535,0.18066666666666675,22.637666666666664,24.059,3.0126666666666666,3.648,0.5630000000000001,2.9760000000000004
115,2019-04-26,0.02683333333333333,0.03816666666666667,0.14083333333333334,0.1755,22.498166666666666,23.689833333333336,4.5695,4.636500000000002,1.3990000000000002,1.851
116,2019-04-27,0.006500000000000002,0.06366666666666666,0.09316666666666666,0.1708333333333333,22.5745,23.982833333333332,1.928,1.8306666666666669,0.06900000000000002,1.5949999999999998
117,2019-04-28,0.011333333333333334,0.010833333333333334,0.1145,0.133,19.268,20.46433333333333,4.682333333333333,4.413666666666667,1.3030000000000002,1.295
118,2019-04-29,0.409,0.5776666666666667,0.07066666666666667,0.069,18.431833333333334,21.428833333333333,2.244166666666667,1.1796666666666669,0.06900000000000002,5.395999999999999
119,2019-04-30,0.475,0.546,0.055833333333333325,0.07350000000000001,18.059333333333328,21.1965,0.7000000000000001,1.6133333333333333,0.022000000000000002,5.502000000000001
120,2019-05-01,0.1515,0.3023333333333333,0.13333333333333333,0.14666666666666667,20.01633333333333,21.75366666666667,2.1050000000000004,2.0290000000000004,0.09600000000000004,3.6069999999999993
121,2019-05-02,0.4475,0.4656666666666667,0.060666666666666674,0.09333333333333334,19.586666666666666,23.03866666666667,0.951,0.9608333333333332,0.008,5.126
122,2019-05-03,0.37883333333333336,0.33,0.07916666666666666,0.12933333333333333,21.67516666666667,25.703000000000003,1.6055,1.0983333333333334,0.030000000000000006,4.41
123,2019-05-04,0.02783333333333333,0.02,0.13333333333333333,0.14400000000000002,22.60616666666667,24.191666666666666,1.1175,1.764833333333333,0.07900000000000001,1.5630000000000002
124,2019-05-05,0.091,0.033,0.152,0.13366666666666666,23.25283333333333,24.97183333333333,2.2675,0.8886666666666666,0.07200000000000001,1.9809999999999999
125,2019-05-06,0.02866666666666667,0.043333333333333335,0.12783333333333333,0.1625,22.65016666666667,21.7335,2.4355,4.7810000000000015,0.91,1.774
126,2019-05-07,0.372,0.5115,0.07400000000000001,0.07816666666666668,18.846,20.1935,2.8735,2.832333333333333,0.31100000000000005,4.994
127,2019-05-08,0.258,0.1145,0.11016666666666668,0.1643333333333333,18.995666666666672,20.8155,3.321,4.414499999999999,0.929,3.2079999999999997
128,2019-05-09,0.2021666666666667,0.22216666666666665,0.1195,0.14016666666666666,20.845666666666666,23.039166666666667,4.597166666666666,5.5681666666666665,2.025,3.31
129,2019-05-10,0.005,0.010833333333333335,0.08383333333333333,0.12666666666666668,20.7495,22.0895,4.5071666666666665,3.8736666666666655,1.045,1.0590000000000002
130,2019-05-11,0.0055000000000000005,0.0028333333333333327,0.08966666666666667,0.08016666666666666,18.977333333333334,18.891166666666667,3.363666666666667,1.7975,0.3700000000000001,0.818
131,2019-05-12,0.08683333333333333,0.28300000000000003,0.11833333333333332,0.13483333333333333,17.474333333333334,19.485333333333333,2.3206666666666664,2.4640000000000004,0.166,3.076
132,2019-05-13,0.005,0.0645,0.07616666666666667,0.16899999999999998,19.41883333333333,21.344666666666665,3.258166666666668,4.560833333333333,0.9440000000000001,1.5219999999999998
133,2019-05-14,0.06983333333333333,0.2318333333333333,0.13,0.149,17.889333333333337,18.610333333333333,3.6251666666666655,2.268666666666667,0.40399999999999997,2.918
134,2019-05-15,0.139,0.2488333333333333,0.12166666666666665,0.1401666666666667,18.404333333333334,20.135666666666673,2.9758333333333327,3.938333333333333,0.6640000000000001,3.2239999999999998
135,2019-05-16,0.252,0.4378333333333333,0.09416666666666668,0.08949999999999997,18.855666666666664,20.133833333333328,3.2863333333333333,3.9186666666666654,0.708,4.274000000000001
136,2019-05-17,0.3888333333333333,0.4653333333333333,0.062,0.07866666666666668,18.818166666666666,20.8045,4.193666666666666,5.303166666666667,1.6060000000000003,4.8260000000000005
137,2019-05-18,0.3551666666666667,0.4098333333333333,0.07016666666666667,0.09233333333333332,20.155666666666665,22.120166666666666,4.1785,4.791333333333333,1.3570000000000002,4.497999999999998
138,2019-05-19,0.37166666666666665,0.4635,0.06433333333333334,0.07783333333333334,20.235833333333336,22.686000000000003,3.549666666666667,2.2923333333333336,0.402,4.697
139,2019-05-20,0.17633333333333334,0.3853333333333333,0.10183333333333333,0.10299999999999998,19.23583333333333,22.28333333333333,1.6688333333333334,1.7766666666666666,0.065,3.744
140,2019-05-21,0.035333333333333335,0.08533333333333333,0.10616666666666667,0.15866666666666665,19.130666666666666,21.697499999999994,2.3018333333333336,1.3858333333333333,0.08300000000000002,1.895
141,2019-05-22,0.2465,0.3359999999999999,0.09083333333333334,0.109,19.085833333333333,21.1655,2.7131666666666665,2.3793333333333337,0.238,3.826
142,2019-05-23,0.006000000000000001,0.001666666666666667,0.08583333333333333,0.0585,18.88983333333333,18.440666666666665,4.218666666666668,3.395166666666667,0.789,0.6870000000000002
143,2019-05-24,0.0345,0.0215,0.12233333333333335,0.1225,17.394666666666666,17.919333333333334,3.7938333333333336,4.567333333333333,1.132,1.487
144,2019-05-25,0.3701666666666667,0.5155000000000002,0.06000000000000001,0.063,15.992166666666668,18.3935,3.0703333333333336,2.697,0.3270000000000001,4.944
145,2019-05-26,0.2278333333333333,0.09000000000000001,0.0995,0.14866666666666664,16.2995,19.626666666666672,2.044666666666666,1.2946666666666666,0.056000000000000015,2.8399999999999994
146,2019-05-27,0.0325,0.011,0.11883333333333332,0.11033333333333332,17.703666666666667,19.758333333333336,1.185,0.8098333333333333,0.013,1.3299999999999998
147,2019-05-28,0.036000000000000004,0.11133333333333333,0.10883333333333334,0.15183333333333335,18.420833333333334,19.1425,3.5079999999999987,2.5206666666666666,0.4480000000000001,2.032
148,2019-05-29,0.26383333333333336,0.314,0.08483333333333333,0.106,16.846166666666665,18.622166666666665,2.3045,2.5518333333333336,0.18100000000000002,3.786000000000001
149,2019-05-30,0.01966666666666667,0.004833333333333333,0.09666666666666668,0.08366666666666668,16.578166666666664,16.86216666666667,3.3978333333333333,4.601166666666667,1.068,0.981
150,2019-05-31,0.10383333333333336,0.19466666666666665,0.10733333333333336,0.13433333333333333,16.574166666666667,18.375,3.4033333333333338,3.6745,0.636,2.6889999999999996
151,2019-06-01,0.005333333333333333,0.005333333333333333,0.07683333333333332,0.08866666666666667,17.087666666666667,17.189333333333334,3.0741666666666667,3.4195,0.4959999999999999,0.8190000000000001
152,2019-06-02,0.11633333333333333,0.13450000000000004,0.11666666666666665,0.1405,17.909999999999997,18.872666666666664,2.782166666666667,2.826,0.29600000000000004,2.54
153,2019-06-03,0.02633333333333333,0.04616666666666667,0.1085,0.14633333333333334,16.593500000000002,17.160166666666665,2.0788333333333333,2.645,0.18100000000000005,1.6280000000000001
154,2019-06-04,0.4216666666666665,0.4986666666666666,0.04633333333333334,0.06033333333333332,14.639,17.214500000000005,1.9013333333333329,1.208,0.039000000000000014,5.057
155,2019-06-05,0.4093333333333333,0.4590000000000001,0.04916666666666667,0.0665,15.208833333333333,18.852,2.951333333333333,3.5428333333333337,0.5499999999999999,4.808000000000002
156,2019-06-06,0.39899999999999997,0.4701666666666666,0.05050000000000001,0.06566666666666666,16.361333333333334,20.6655,3.0156666666666667,3.3345,0.458,4.794
157,2019-06-07,0.407,0.4793333333333333,0.04866666666666667,0.0635,17.205166666666667,21.2215,1.870833333333333,2.111166666666666,0.098,4.833
158,2019-06-08,0.18066666666666664,0.03416666666666667,0.10883333333333334,0.10533333333333332,17.455166666666667,18.3265,1.477666666666667,2.7253333333333334,0.15000000000000002,2.124
159,2019-06-09,0.3546666666666667,0.355,0.0605,0.08983333333333332,17.012333333333334,21.107333333333333,2.6246666666666667,2.9655000000000005,0.342,4.21
160,2019-06-10,0.23800000000000002,0.17049999999999998,0.08833333333333332,0.12516666666666668,19.406333333333333,21.63733333333333,2.5211666666666663,2.330833333333333,0.18000000000000005,3.0529999999999995
161,2019-06-11,0.26733333333333337,0.4521666666666666,0.07283333333333332,0.07116666666666667,18.528666666666666,21.398000000000003,1.0331666666666668,1.539,0.032,4.181
162,2019-06-12,0.3418333333333334,0.4188333333333333,0.06133333333333332,0.07616666666666667,18.256166666666665,22.769500000000004,2.302166666666667,2.0108333333333337,0.11500000000000002,4.363
163,2019-06-13,0.12583333333333332,0.20616666666666664,0.11016666666666668,0.12916666666666668,20.6045,23.590666666666664,1.3325,1.8519999999999999,0.043,2.812
164,2019-06-14,0.217,0.2801666666666667,0.091,0.10983333333333332,20.567666666666668,24.473666666666666,1.7303333333333335,1.7528333333333332,0.047000000000000014,3.413
165,2019-06-15,0.106,0.2071666666666667,0.10833333333333334,0.13066666666666665,21.244833333333336,24.62966666666667,1.5065000000000002,1.0433333333333332,0.014000000000000005,2.713
166,2019-06-16,0.26866666666666666,0.37733333333333335,0.077,0.0845,20.317833333333333,24.483166666666666,1.112,0.4881666666666666,0.005,3.892
167,2019-06-17,0.37316666666666665,0.4086666666666667,0.05400000000000001,0.07666666666666666,20.355833333333337,22.1305,1.7171666666666665,2.9483333333333337,0.24,4.407
168,2019-06-18,0.187,0.25016666666666665,0.08833333333333332,0.1125,19.64183333333333,22.81133333333333,2.448833333333333,1.4249999999999998,0.109,3.1
169,2019-06-19,0.018000000000000002,0.377,0.08633333333333333,0.095,16.781499999999998,17.313666666666666,4.658333333333333,4.6868333333333325,1.4700000000000002,2.8639999999999994
170,2019-06-20,0.405,0.5068333333333334,0.04616666666666667,0.05533333333333334,13.794666666666664,17.032166666666665,3.8205,2.5748333333333338,0.501,5.005
171,2019-06-21,0.4145,0.4981666666666666,0.045000000000000005,0.0565,15.203833333333336,19.728666666666665,2.7640000000000007,2.6666666666666665,0.2809999999999999,4.942000000000001
172,2019-06-22,0.37166666666666665,0.3700000000000001,0.05466666666666666,0.0845,18.13233333333333,22.971,1.935,1.1216666666666666,0.039000000000000014,4.266
173,2019-06-23,0.2618333333333333,0.37533333333333335,0.07683333333333332,0.08466666666666668,18.545666666666666,22.2995,2.0643333333333334,1.359,0.054000000000000006,3.884
174,2019-06-24,0.18433333333333327,0.3225,0.0975,0.09866666666666668,19.699833333333334,22.45933333333333,3.0301666666666667,1.8155,0.22200000000000006,3.458
175,2019-06-25,0.2115,0.2658333333333333,0.09166666666666667,0.1115,19.239,22.78083333333333,2.9125,2.418333333333333,0.3140000000000001,3.341
176,2019-06-26,0.050333333333333334,0.03183333333333333,0.11266666666666665,0.12233333333333335,9.534833333333333,10.932166666666667,4.360833333333333,3.495333333333333,0.8760000000000002,1.629
177,2019-06-27,0.3925000000000001,0.4908333333333333,0.04916666666666667,0.058333333333333334,13.079666666666665,18.336166666666667,2.950333333333333,3.606,0.563,4.884
178,2019-06-28,0.24033333333333334,0.24849999999999994,0.08633333333333333,0.09833333333333334,17.571833333333334,21.828000000000003,3.3088333333333333,2.9113333333333338,0.4950000000000001,3.282
179,2019-06-29,0.3521666666666667,0.4333333333333333,0.058,0.07150000000000001,21.86383333333333,24.656,1.8383333333333327,1.8541666666666667,0.063,4.374999999999999
180,2019-06-30,0.0965,0.033,0.11916666666666666,0.11216666666666668,21.009166666666673,18.115166666666667,2.095333333333333,4.4656666666666665,0.7509999999999999,1.769
181,2019-07-01,0.006666666666666667,0.10066666666666667,0.06983333333333333,0.1485,12.864333333333331,13.4325,3.981833333333333,3.671166666666666,0.8079999999999999,1.6480000000000001
182,2019-07-02,0.31266666666666665,0.4863333333333333,0.06333333333333334,0.06133333333333332,10.873666666666667,15.125666666666667,0.9093333333333334,0.4546666666666666,0.005,4.595999999999999
183,2019-07-03,0.4073333333333334,0.5285000000000001,0.04633333333333334,0.0515,11.090833333333334,13.142499999999998,5.3085,5.782666666666668,2.4039999999999995,5.182999999999999
184,2019-07-04,0.4293333333333333,0.32899999999999996,0.04566666666666667,0.09233333333333332,8.216166666666666,11.461166666666667,4.635166666666667,4.9785,1.579,4.565
185,2019-07-05,0.43916666666666665,0.4711666666666667,0.0425,0.062,6.738166666666667,9.661,6.320666666666668,8.089166666666666,5.2570000000000014,5.181000000000001
186,2019-07-06,0.21716666666666665,0.5076666666666666,0.08366666666666668,0.05966666666666666,6.627999999999999,9.574666666666667,6.5545,6.178333333333333,3.395,4.46
187,2019-07-07,0.423,0.532,0.044500000000000005,0.051333333333333335,7.046333333333332,11.399333333333333,3.3868333333333336,2.1945,0.3390000000000001,5.3229999999999995
188,2019-07-08,0.17783333333333334,0.5138333333333333,0.08283333333333333,0.05966666666666667,9.729666666666667,15.1985,1.1769999999999998,0.9075,0.006,4.135000000000002
189,2019-07-09,0.3313333333333333,0.5195,0.06183333333333335,0.0565,11.681333333333333,16.619166666666665,0.6676666666666667,0.8775,0.006,4.791
190,2019-07-10,0.307,0.3,0.07383333333333332,0.10583333333333336,12.177833333333332,18.080166666666667,1.749,0.8965,0.025,3.968
191,2019-07-11,0.117,0.2691666666666667,0.1115,0.12083333333333332,14.946666666666667,19.17233333333333,1.085,2.0348333333333333,0.067,3.115
192,2019-07-12,0.3358333333333334,0.16516666666666666,0.0695,0.12816666666666668,16.352166666666665,21.020000000000003,2.480166666666667,1.4123333333333334,0.107,3.4419999999999997
193,2019-07-13,0.12716666666666668,0.15483333333333335,0.11183333333333334,0.1435,17.173,18.185666666666666,1.1329999999999998,2.7546666666666666,0.172,2.696
194,2019-07-14,0.02466666666666667,0.036166666666666666,0.10766666666666663,0.1415,13.274333333333333,13.62933333333333,2.544166666666667,3.4581666666666666,0.409,1.564
195,2019-07-15,0.16666666666666666,0.3211666666666666,0.09783333333333333,0.10683333333333334,11.926166666666667,15.2265,1.7738333333333334,1.5865,0.09699999999999999,3.502
196,2019-07-16,0.19466666666666665,0.409,0.09983333333333333,0.08600000000000001,10.107833333333334,13.976,4.815,3.9641666666666673,1.224,4.0360000000000005
197,2019-07-17,0.33433333333333337,0.28300000000000003,0.0705,0.114,12.651833333333334,16.5145,0.8396666666666667,2.9305,0.221,4.048
198,2019-07-18,0.4123333333333334,0.4918333333333333,0.050833333333333335,0.0635,14.5825,18.455666666666666,3.1011666666666664,3.7770000000000006,0.639,4.999
199,2019-07-19,0.025000000000000005,0.02033333333333333,0.11433333333333333,0.13033333333333336,15.090333333333335,17.733999999999995,2.971333333333334,1.6696666666666669,0.212,1.43
200,2019-07-20,0.377,0.467,0.05933333333333333,0.07066666666666667,16.40516666666667,20.0845,1.5475,2.4593333333333334,0.134,4.758000000000001
201,2019-07-21,0.389,0.3096666666666666,0.060666666666666674,0.10383333333333332,17.153,20.186666666666667,3.683,3.8073333333333337,0.7620000000000001,4.217
202,2019-07-22,0.3325,0.19366666666666665,0.07400000000000001,0.13516666666666666,19.095166666666668,21.8505,3.340666666666667,2.1363333333333334,0.3190000000000001,3.592
203,2019-07-23,0.0068333333333333345,0.03383333333333333,0.083,0.14766666666666667,18.16433333333333,19.9705,1.0365,1.0431666666666668,0.008,1.3129999999999995
204,2019-07-24,0.007833333333333333,0.04583333333333334,0.08016666666666666,0.14666666666666667,17.28933333333333,17.482499999999998,1.861,2.8919999999999995,0.217,1.3689999999999998
205,2019-07-25,0.01966666666666667,0.007166666666666668,0.11233333333333334,0.095,16.578333333333333,17.647833333333335,3.9835,4.597833333333334,1.198,1.1309999999999998
206,2019-07-26,0.2093333333333333,0.136,0.10916666666666668,0.14300000000000002,18.670333333333332,18.854166666666664,3.1220000000000003,2.4488333333333334,0.374,2.963
207,2019-07-27,0.09866666666666668,0.10133333333333333,0.12783333333333333,0.16133333333333333,10.933166666666665,13.271666666666668,5.044833333333333,4.425166666666667,1.479,2.5400000000000005
208,2019-07-28,0.2953333333333333,0.31216666666666665,0.08466666666666668,0.11333333333333336,12.6835,15.019666666666666,1.8066666666666664,3.395666666666667,0.35600000000000004,4.04
209,2019-07-29,0.2983333333333333,0.3225,0.08666666666666667,0.10533333333333336,16.593833333333333,20.607666666666667,2.6983333333333333,2.3975,0.2260000000000001,3.975
210,2019-07-30,0.027000000000000003,0.0755,0.1075,0.171,15.880833333333333,17.458499999999994,1.8705,2.9395,0.222,1.91
211,2019-07-31,0.4433333333333333,0.5373333333333333,0.0505,0.06100000000000001,14.738833333333336,18.723666666666666,1.465666666666667,1.8243333333333327,0.12300000000000001,5.33
212,2019-08-01,0.4125,0.4284999999999999,0.06,0.08699999999999998,17.872166666666665,22.755,2.397333333333333,2.6628333333333334,0.269,4.781999999999999
213,2019-08-02,0.1425,0.163,0.12416666666666665,0.15899999999999995,10.473833333333333,12.746666666666668,4.887333333333333,5.736999999999999,2.1220000000000003,3.043
214,2019-08-03,0.47,0.5698333333333333,0.04783333333333334,0.0575,9.798333333333332,13.098166666666666,5.342833333333334,5.713000000000001,2.3230000000000004,5.7200000000000015
215,2019-08-04,0.461,0.5773333333333334,0.05016666666666667,0.05666666666666668,9.545666666666667,12.769666666666666,2.573833333333333,1.3196666666666668,0.118,5.7200000000000015
216,2019-08-05,0.4775,0.5665,0.04783333333333334,0.05933333333333333,11.3655,16.655166666666666,3.9980000000000007,4.840833333333332,1.3220000000000005,5.6709999999999985
217,2019-08-06,0.4288333333333333,0.5041666666666667,0.0595,0.07500000000000001,15.250666666666667,20.228666666666665,2.472166666666667,2.9401666666666664,0.322,5.191
218,2019-08-07,0.4236666666666665,0.4648333333333333,0.062,0.08566666666666667,18.177833333333336,23.34,1.8613333333333333,1.2141666666666666,0.03500000000000001,4.981999999999998
219,2019-08-08,0.226,0.04666666666666667,0.1205,0.16033333333333333,18.922833333333333,20.37033333333333,0.5641666666666667,1.5018333333333336,0.016,2.7379999999999995
220,2019-08-09,0.09733333333333334,0.2231666666666667,0.13799999999999998,0.15816666666666665,18.423,22.21416666666667,2.5695,2.386,0.209,3.0410000000000004
221,2019-08-10,0.17500000000000002,0.25366666666666665,0.12733333333333333,0.15016666666666667,15.727,15.740333333333332,5.6564999999999985,6.8066666666666675,3.343,3.572
222,2019-08-11,0.4576666666666666,0.5558333333333333,0.05566666666666667,0.0665,12.558333333333335,16.799333333333333,1.7878333333333334,4.448166666666666,0.7859999999999999,5.5859999999999985
223,2019-08-12,0.19366666666666665,0.042,0.129,0.14766666666666667,16.664333333333335,17.072333333333333,2.1075,3.3841666666666668,0.418,2.549
224,2019-08-13,0.2343333333333333,0.38366666666666666,0.115,0.11583333333333334,9.947000000000001,11.437166666666664,6.040166666666668,6.501833333333333,3.335,4.342
225,2019-08-14,0.04883333333333333,0.2853333333333333,0.14083333333333334,0.14883333333333335,8.8685,11.922833333333335,3.6458333333333335,2.430333333333333,0.4400000000000001,3.241
226,2019-08-15,0.4761666666666667,0.4988333333333333,0.054833333333333324,0.08333333333333333,12.557666666666668,17.212999999999994,3.7075,3.4488333333333334,0.6620000000000001,5.471
227,2019-08-16,0.4548333333333334,0.5116666666666667,0.06,0.08100000000000003,14.725333333333333,20.732,1.5678333333333334,2.0868333333333333,0.079,5.370999999999999
228,2019-08-17,0.40299999999999997,0.395,0.07516666666666667,0.11083333333333334,18.770166666666668,22.5495,2.451166666666667,2.404,0.18300000000000005,4.722000000000001
229,2019-08-18,0.0335,0.2005,0.13883333333333334,0.17666666666666667,14.435,14.487833333333333,4.041333333333333,4.724,1.239,2.8110000000000004
230,2019-08-19,0.32066666666666666,0.3503333333333334,0.10066666666666667,0.13083333333333333,9.605333333333332,12.8175,3.3569999999999998,2.8201666666666667,0.41000000000000014,4.638000000000001
231,2019-08-20,0.14916666666666667,0.38299999999999995,0.13116666666666665,0.12833333333333333,11.706499999999998,14.034333333333334,1.975,2.396333333333333,0.133,3.994
232,2019-08-21,0.2685,0.5479999999999999,0.10766666666666667,0.08116666666666666,11.073333333333332,13.978666666666665,2.602333333333333,2.5900000000000003,0.22699999999999998,5.0120000000000005
233,2019-08-22,0.4305000000000001,0.3983333333333334,0.07166666666666667,0.11283333333333335,13.040666666666667,15.492666666666667,2.5015,3.347833333333333,0.382,4.973999999999998
234,2019-08-23,0.2761666666666667,0.3845,0.1145,0.12733333333333335,13.008666666666665,15.385666666666665,2.781333333333333,3.1181666666666668,0.3840000000000001,4.533999999999999
235,2019-08-24,0.4168333333333333,0.578,0.07333333333333335,0.07333333333333335,13.2725,16.235333333333333,1.2278333333333329,2.7251666666666665,0.15799999999999995,5.599000000000001
236,2019-08-25,0.4555,0.5631666666666667,0.06433333333333334,0.07600000000000001,14.144666666666666,17.740166666666667,4.227,5.755166666666668,2.023,5.672000000000001
237,2019-08-26,0.4046666666666667,0.4044999999999999,0.0835,0.12133333333333335,14.839166666666666,19.4095,3.8225,2.456,0.5030000000000001,4.939000000000001
238,2019-08-27,0.2175,0.3681666666666667,0.133,0.1425,17.36616666666667,20.155833333333334,1.2605,1.5161666666666669,0.03,4.226000000000001
239,2019-08-28,0.43516666666666665,0.528,0.07416666666666666,0.091,17.439333333333334,21.106166666666667,3.690166666666667,4.13,0.9299999999999998,5.4300000000000015
240,2019-08-29,0.4485,0.5073333333333333,0.07166666666666667,0.09666666666666666,18.987000000000002,23.9995,2.5428333333333333,2.0653333333333332,0.16400000000000006,5.361000000000001
241,2019-08-30,0.3006666666666667,0.3616666666666665,0.11833333333333332,0.14383333333333334,20.09083333333333,22.7985,1.26,1.467833333333333,0.07800000000000001,4.517999999999999
242,2019-08-31,0.005333333333333333,0.007833333333333335,0.095,0.13333333333333333,15.726333333333333,15.804666666666668,3.8515,3.7135,0.7670000000000001,1.1700000000000002
243,2019-09-01,0.3388333333333333,0.5035,0.10616666666666667,0.1015,13.941166666666666,16.425166666666666,1.5238333333333332,1.8115,0.046,5.142
244,2019-09-02,0.4823333333333333,0.6051666666666667,0.06433333333333334,0.07400000000000001,13.339666666666668,16.608666666666668,1.463833333333333,1.4621666666666666,0.040999999999999995,5.984
245,2019-09-03,0.407,0.3145,0.09166666666666667,0.15016666666666667,13.0765,15.086999999999998,2.712666666666667,3.8121666666666663,0.527,4.783
246,2019-09-04,0.4583333333333333,0.6255000000000001,0.07200000000000001,0.07133333333333333,11.294666666666664,13.605,3.6718333333333333,4.570666666666667,1.053,6.0520000000000005
247,2019-09-05,0.4331666666666667,0.6003333333333333,0.0795,0.0785,10.688333333333333,14.354166666666664,2.2974999999999994,2.826833333333333,0.267,5.895999999999999
248,2019-09-06,0.043166666666666666,0.035666666666666666,0.17600000000000002,0.16466666666666668,14.609333333333332,16.11616666666667,5.404333333333334,5.486666666666667,2.38,2.1060000000000003
249,2019-09-07,0.01216666666666667,0.04133333333333334,0.10866666666666668,0.199,16.968166666666665,19.63316666666667,2.625666666666667,4.206333333333333,0.778,1.784
250,2019-09-08,0.10833333333333332,0.128,0.155,0.2065,19.3625,23.518666666666668,1.0946666666666671,1.9381666666666668,0.085,2.917
251,2019-09-09,0.17266666666666666,0.32566666666666666,0.154,0.16966666666666666,21.411666666666665,26.218000000000004,3.033,3.1575,0.42400000000000015,3.929
252,2019-09-10,0.06466666666666666,0.16399999999999998,0.17983333333333332,0.2213333333333333,17.166499999999996,17.983833333333333,3.6445,2.7671666666666668,0.4700000000000002,3.1660000000000004
253,2019-09-11,0.07016666666666667,0.09066666666666667,0.1745,0.2191666666666667,17.962000000000003,20.619333333333334,4.877666666666666,2.9898333333333333,0.993,2.75
254,2019-09-12,0.01916666666666667,0.050833333333333335,0.1565,0.2266666666666667,17.491333333333333,18.263333333333332,2.910833333333333,3.8521666666666654,0.623,2.275
255,2019-09-13,0.3321666666666667,0.3541666666666667,0.11983333333333332,0.16383333333333336,15.4295,17.259333333333334,2.2936666666666663,2.6558333333333333,0.198,4.791
256,2019-09-14,0.07516666666666667,0.034666666666666665,0.19783333333333333,0.1865,16.732833333333332,18.384833333333333,5.069333333333333,5.8805000000000005,2.338,2.4730000000000003
257,2019-09-15,0.18816666666666668,0.391,0.16516666666666666,0.15783333333333335,19.926166666666667,24.415000000000006,3.128,2.714166666666667,0.423,4.3469999999999995
258,2019-09-16,0.2725,0.2655,0.14933333333333335,0.18583333333333327,23.736000000000004,21.0765,2.898333333333333,5.923166666666668,1.578,4.196999999999999
259,2019-09-17,0.020166666666666663,0.01633333333333334,0.15683333333333335,0.18716666666666665,15.517833333333336,16.36916666666667,3.1365,2.6996666666666664,0.3450000000000001,1.906
260,2019-09-18,0.006333333333333333,0.0165,0.1225,0.186,15.845,17.445999999999998,2.207333333333333,1.5071666666666663,0.07800000000000001,1.643
261,2019-09-19,0.3721666666666667,0.4623333333333334,0.113,0.134,17.547166666666666,21.85,4.303,2.3040000000000003,0.6170000000000001,5.1949999999999985
262,2019-09-20,0.02783333333333333,0.043333333333333335,0.1713333333333333,0.231,14.558999999999996,15.264166666666668,4.293833333333333,3.9615,0.994,2.4130000000000003
263,2019-09-21,0.3428333333333333,0.43983333333333335,0.12383333333333335,0.14233333333333334,14.57,17.229333333333333,1.1235,1.4516666666666664,0.018000000000000002,5.2010000000000005
264,2019-09-22,0.5238333333333334,0.6278333333333334,0.0645,0.079,14.267166666666665,17.4005,3.108,4.484000000000001,0.868,6.269999999999999
265,2019-09-23,0.5045000000000001,0.6255000000000001,0.07050000000000001,0.08133333333333334,13.642333333333335,16.817166666666665,2.9599999999999995,4.821166666666667,1.05,6.232
266,2019-09-24,0.5188333333333334,0.6263333333333334,0.06750000000000002,0.081,16.164833333333334,19.20683333333333,1.9956666666666667,2.5735,0.16699999999999998,6.209999999999999
267,2019-09-25,0.508,0.6114999999999999,0.07083333333333335,0.08566666666666667,17.195333333333334,20.410666666666668,2.2036666666666664,2.5591666666666666,0.187,6.100999999999999
268,2019-09-26,0.4923333333333335,0.596,0.07616666666666666,0.09066666666666667,18.069000000000003,21.215666666666667,1.4190000000000005,1.641,0.032,5.994
269,2019-09-27,0.15083333333333332,0.17933333333333332,0.2,0.23316666666666666,16.39,17.471333333333334,2.4996666666666667,2.7716666666666665,0.249,3.834
270,2019-09-28,0.4978333333333334,0.5311666666666666,0.07783333333333332,0.11383333333333333,16.28316666666667,19.351833333333328,4.259833333333334,5.2923333333333344,1.629,5.8870000000000005
271,2019-09-29,0.4966666666666666,0.6026666666666668,0.07666666666666666,0.0905,18.341,21.376500000000004,2.4,2.6638333333333333,0.261,6.0280000000000005
272,2019-09-30,0.513,0.6093333333333333,0.07200000000000001,0.08833333333333332,19.826666666666668,24.25716666666667,4.248666666666666,4.1895,1.168,6.029
273,2019-10-01,0.5036666666666667,0.5496666666666666,0.07666666666666666,0.10833333333333332,21.48783333333333,26.56616666666667,4.048666666666667,3.3646666666666665,0.7370000000000002,5.7860000000000005
274,2019-10-02,0.19166666666666665,0.09416666666666668,0.19866666666666666,0.2418333333333333,23.000999999999998,24.553,3.0725,1.4713333333333332,0.22200000000000006,3.5189999999999997
275,2019-10-03,0.024,0.04066666666666666,0.18900000000000006,0.24850000000000005,17.96,18.491,3.1065,3.733,0.61,2.524
276,2019-10-04,0.011166666666666668,0.01,0.16266666666666668,0.17599999999999996,19.119166666666672,21.058666666666664,4.1735,2.6011666666666664,0.6590000000000001,1.761
277,2019-10-05,0.050666666666666665,0.09533333333333333,0.2055,0.2715,20.247333333333334,19.924000000000003,3.7548333333333326,4.020499999999998,0.9139999999999998,3.1239999999999997
278,2019-10-06,0.1435,0.02116666666666667,0.21966666666666668,0.1985,17.023333333333333,17.430999999999997,2.801166666666667,2.942833333333333,0.3320000000000001,2.924
279,2019-10-07,0.289,0.4171666666666667,0.15366666666666667,0.168,18.015166666666666,21.476,2.6465,2.2078333333333333,0.206,4.9689999999999985
280,2019-10-08,0.44483333333333336,0.4843333333333333,0.1025,0.1376666666666667,19.578666666666667,22.605166666666676,2.2025,2.6108333333333333,0.18,5.572
281,2019-10-09,0.4956666666666667,0.599,0.08166666666666668,0.09383333333333334,19.95,22.599833333333336,1.6435000000000002,2.32,0.129,6.017999999999999
282,2019-10-10,0.5008333333333334,0.5983333333333334,0.0805,0.09433333333333334,21.189,25.823166666666665,1.848,1.4916666666666665,0.069,5.957999999999998
283,2019-10-11,0.4848333333333333,0.5601666666666667,0.08633333333333333,0.10966666666666663,22.652666666666665,28.57916666666667,2.3203333333333336,1.8185,0.106,5.766000000000001
284,2019-10-12,0.4960000000000001,0.5581666666666667,0.08316666666666665,0.10866666666666663,23.85716666666666,28.591666666666665,0.86,1.9513333333333327,0.07600000000000001,5.772
285,2019-10-13,0.2066666666666667,0.04166666666666666,0.2035,0.2401666666666667,25.11283333333333,25.807666666666666,1.8023333333333336,2.932166666666667,0.48,3.3539999999999988
286,2019-10-14,0.02366666666666667,0.0315,0.203,0.2436666666666667,17.83,16.80316666666667,5.053999999999999,5.571333333333333,2.155,2.529
287,2019-10-15,0.012000000000000002,0.012666666666666666,0.17883333333333332,0.2085,15.8275,17.038,4.927833333333333,5.268666666666667,1.902,2.076
288,2019-10-16,0.0925,0.007166666666666668,0.2385,0.162,18.827666666666673,19.302166666666665,5.244833333333333,5.5825000000000005,2.2910000000000004,2.484
289,2019-10-17,0.0795,0.12850000000000006,0.23266666666666666,0.28200000000000003,20.266,22.352333333333334,5.8805000000000005,6.419,3.3,3.576
290,2019-10-18,0.43766666666666665,0.4366666666666667,0.11316666666666668,0.16333333333333336,21.996,24.26133333333333,3.559333333333333,3.2031666666666667,0.55,5.475000000000001
291,2019-10-19,0.4953333333333334,0.6093333333333334,0.08916666666666666,0.09516666666666666,17.617333333333335,19.457833333333326,4.2495,4.613833333333333,1.2409999999999999,6.1979999999999995
292,2019-10-20,0.12133333333333332,0.13733333333333336,0.23666666666666664,0.2845,16.181166666666666,18.309666666666672,1.947166666666667,2.645,0.16899999999999998,3.947000000000001
293,2019-10-21,0.028833333333333336,0.018333333333333337,0.21899999999999997,0.23133333333333336,16.18583333333333,17.06533333333333,4.618666666666666,4.045833333333333,1.136,2.5240000000000005
294,2019-10-22,0.3395,0.3256666666666666,0.15566666666666665,0.214,17.076666666666668,19.136666666666667,3.3336666666666672,3.298666666666667,0.4999999999999999,5.092
295,2019-10-23,0.5103333333333333,0.4018333333333333,0.09083333333333334,0.165,17.894499999999994,20.68233333333333,1.3386666666666671,2.7916666666666665,0.17,5.573000000000001
296,2019-10-24,0.4910000000000001,0.6081666666666667,0.092,0.09416666666666666,20.70383333333333,23.16666666666667,2.0846666666666667,3.1271666666666667,0.28600000000000003,6.079
297,2019-10-25,0.4951666666666667,0.575,0.09049999999999997,0.10633333333333332,20.090666666666664,21.76633333333333,0.9976666666666666,2.473666666666667,0.104,6.034999999999998
298,2019-10-26,0.53,0.6016666666666668,0.07783333333333332,0.09533333333333334,19.949666666666666,23.236166666666666,3.502,5.218166666666668,1.4409999999999998,6.169
299,2019-10-27,0.018166666666666668,0.009666666666666669,0.2058333333333333,0.198,21.49233333333333,22.14433333333333,3.9418333333333333,1.5089999999999997,0.4640000000000001,2.124000000000001
300,2019-10-28,0.31249999999999994,0.375,0.16699999999999998,0.19383333333333333,23.2015,27.30666666666667,1.703,1.2826666666666668,0.028999999999999998,4.918000000000001
301,2019-10-29,0.32316666666666666,0.3438333333333333,0.17133333333333334,0.19283333333333333,25.488166666666668,27.766333333333336,2.617666666666667,1.9216666666666664,0.20200000000000004,4.817
302,2019-10-30,0.16533333333333333,0.1395,0.2358333333333333,0.2848333333333333,22.81233333333333,25.33466666666667,3.2861666666666665,3.989333333333333,0.7150000000000001,4.053999999999999
303,2019-10-31,0.0185,0.12383333333333335,0.16316666666666668,0.2913333333333333,21.078166666666664,20.994833333333336,4.147333333333333,4.4995,1.168,2.9240000000000004
304,2019-11-01,0.245,0.3411666666666666,0.20083333333333334,0.2125,20.326833333333333,22.1015,5.269166666666667,5.967833333333332,2.5730000000000004,4.903999999999998
305,2019-11-02,0.2395,0.14300000000000002,0.20766666666666667,0.2705,22.686166666666665,25.92733333333333,3.9313333333333333,2.916833333333333,0.6470000000000001,4.187
306,2019-11-03,0.12266666666666665,0.10733333333333334,0.1835,0.2873333333333334,20.707833333333333,21.243000000000002,3.9003333333333337,2.7871666666666663,0.561,3.518
307,2019-11-04,0.02066666666666667,0.009833333333333336,0.17566666666666664,0.1995,20.167666666666666,21.789,3.8861666666666665,4.290666666666667,1.0629999999999995,2.0460000000000003
308,2019-11-05,0.06833333333333334,0.19166666666666665,0.18383333333333327,0.3463333333333333,21.58033333333334,22.36483333333333,3.887833333333333,5.097,1.445,3.997
309,2019-11-06,0.3675,0.7469999999999999,0.06683333333333334,0.099,18.295666666666666,21.3775,2.096833333333333,3.392666666666667,0.396,6.228999999999999
310,2019-11-07,0.006333333333333333,0.3501666666666667,0.1215,0.2796666666666667,18.935166666666664,22.56816666666667,3.0868333333333333,3.092166666666667,0.47600000000000003,3.818000000000001
311,2019-11-08,0.32,0.7115,0.08666666666666667,0.111,20.3145,23.816166666666664,1.9080000000000001,2.8036666666666665,0.243,5.946000000000001
312,2019-11-09,0.10316666666666667,0.07033333333333333,0.18933333333333333,0.32716666666666666,21.096833333333333,22.64766666666667,3.9933333333333336,4.023333333333333,1.011,3.572
313,2019-11-10,0.1195,0.28450000000000003,0.18083333333333326,0.3081666666666667,21.130166666666664,22.484666666666666,3.865,3.8605000000000014,0.8240000000000001,4.501
314,2019-11-11,0.19416666666666668,0.435,0.14933333333333335,0.2395,19.36983333333333,21.33033333333333,4.6305,5.780833333333334,2.1450000000000005,5.083
315,2019-11-12,0.302,0.5253333333333333,0.09933333333333333,0.1925,20.109333333333336,23.418833333333332,5.136,6.454999999999999,2.934,5.494999999999999
316,2019-11-13,0.10583333333333332,0.1165,0.1805,0.3173333333333333,21.25683333333333,23.7435,5.1178333333333335,4.821833333333333,1.783,3.572
317,2019-11-14,0.017833333333333333,0.39366666666666666,0.15983333333333333,0.2588333333333333,21.034,23.92083333333333,2.8063333333333333,3.466,0.5329999999999999,4.164999999999999
318,2019-11-15,0.2898333333333333,0.6326666666666667,0.105,0.14750000000000002,18.9535,21.704666666666665,4.376,4.668666666666666,1.325,5.767
319,2019-11-16,0.31166666666666665,0.7338333333333332,0.09183333333333332,0.1025,18.564333333333334,21.9245,1.6851666666666667,2.092833333333333,0.07,6.037999999999999
320,2019-11-17,0.3639999999999999,0.7246666666666667,0.06683333333333334,0.10300000000000001,18.3725,23.13083333333333,1.550166666666667,1.8006666666666666,0.057,6.096999999999999
321,2019-11-18,0.3575,0.7185,0.07,0.10549999999999997,19.3815,24.036666666666665,3.214166666666667,3.749333333333334,0.6709999999999999,6.039999999999999
322,2019-11-19,0.2793333333333334,0.7063333333333333,0.10933333333333334,0.11366666666666665,20.229166666666668,24.834,3.608333333333333,3.419666666666666,0.6669999999999999,5.816000000000002
323,2019-11-20,0.3475,0.6986666666666667,0.0745,0.1125,21.65583333333333,26.031500000000005,4.032333333333334,3.8191666666666655,0.9440000000000001,5.9079999999999995
324,2019-11-21,0.3365,0.6836666666666668,0.08016666666666666,0.1185,22.427166666666665,26.856666666666666,2.141666666666666,2.3158333333333334,0.23400000000000004,5.824
325,2019-11-22,0.13449999999999998,0.3466666666666667,0.16033333333333333,0.2741666666666667,23.384,27.69983333333333,1.0598333333333334,1.311333333333333,0.027000000000000003,4.367
326,2019-11-23,0.15150000000000002,0.34650000000000003,0.17500000000000002,0.2823333333333333,20.227500000000006,20.577833333333334,4.4860000000000015,4.713666666666667,1.3920000000000003,4.8260000000000005
327,2019-11-24,0.228,0.7091666666666665,0.129,0.113,18.20083333333333,20.987666666666666,2.910333333333333,3.818333333333333,0.617,5.797999999999999
328,2019-11-25,0.3605,0.7236666666666668,0.06799999999999999,0.10133333333333333,18.585666666666672,22.623500000000003,4.324166666666667,5.535833333333334,1.915,6.090999999999998
329,2019-11-26,0.32016666666666665,0.4228333333333334,0.09483333333333333,0.221,20.469333333333328,24.56233333333333,6.127166666666668,4.8610000000000015,2.3930000000000002,5.109
330,2019-11-27,0.02033333333333333,0.15333333333333335,0.17883333333333332,0.3598333333333333,21.4355,22.351,2.7448333333333337,4.648833333333333,0.943,3.678
331,2019-11-28,0.361,0.7306666666666666,0.06633333333333334,0.09783333333333333,18.3615,22.235166666666668,1.9853333333333327,1.9496666666666669,0.08700000000000001,6.1129999999999995
332,2019-11-29,0.3601666666666667,0.7093333333333334,0.06683333333333334,0.10566666666666663,18.6615,24.45966666666667,4.5425,4.133666666666668,1.203,6.009
333,2019-11-30,0.2698333333333333,0.42716666666666653,0.11883333333333332,0.2363333333333333,23.42216666666667,28.8735,1.3721666666666668,0.7819999999999999,0.006999999999999999,5.0230000000000015
334,2019-12-01,0.2063333333333333,0.6536666666666666,0.14333333333333334,0.13483333333333333,21.46483333333333,23.24233333333333,2.488166666666667,4.027666666666667,0.7030000000000001,5.557
335,2019-12-02,0.36000000000000004,0.7281666666666666,0.068,0.10083333333333333,17.096166666666665,21.02583333333333,3.424666666666667,3.7525,0.6949999999999998,6.166
336,2019-12-03,0.361,0.73,0.066,0.09816666666666668,18.264333333333337,22.184,1.586666666666667,3.886166666666666,0.591,6.114
337,2019-12-04,0.22483333333333333,0.44,0.14183333333333334,0.2348333333333333,21.48716666666667,25.826999999999998,3.087333333333333,2.6013333333333333,0.37200000000000005,5.047
338,2019-12-05,0.2806666666666667,0.5081666666666668,0.11183333333333334,0.19599999999999995,20.862666666666666,23.39616666666667,4.4945,5.153833333333332,1.6369999999999998,5.4220000000000015
339,2019-12-06,0.3481666666666667,0.7213333333333334,0.07150000000000001,0.10066666666666667,18.8935,23.61916666666667,2.5253333333333337,3.0658333333333334,0.3120000000000001,6.028
340,2019-12-07,0.3393333333333333,0.7068333333333334,0.076,0.10616666666666663,19.9245,23.82616666666667,2.5338333333333334,2.637166666666667,0.22100000000000006,5.9590000000000005
341,2019-12-08,0.3441666666666667,0.711,0.07400000000000001,0.10516666666666664,20.33333333333333,24.90783333333333,2.0866666666666664,2.7125000000000004,0.211,5.953000000000001
342,2019-12-09,0.32816666666666666,0.6896666666666667,0.08199999999999999,0.113,22.572333333333336,26.9905,1.0445,1.4806666666666668,0.015,5.808
343,2019-12-10,0.3521666666666667,0.7251666666666666,0.068,0.09866666666666668,22.8655,26.677833333333336,0.773,1.7548333333333332,0.039000000000000014,5.928000000000001
344,2019-12-11,0.3415,0.6905,0.07350000000000001,0.1125,22.482,27.183000000000003,2.4439999999999995,3.5485000000000007,0.473,5.82
345,2019-12-12,0.2741666666666667,0.5103333333333333,0.11666666666666667,0.2015,24.75916666666667,29.30916666666667,2.4186666666666667,2.1681666666666666,0.17500000000000002,5.204
346,2019-12-13,0.3031666666666667,0.6639999999999999,0.093,0.12233333333333335,19.422833333333333,22.13216666666667,3.096,3.199,0.4450000000000002,5.823
347,2019-12-14,0.22549999999999995,0.6345,0.13516666666666666,0.142,20.877666666666666,25.745833333333334,4.002,4.878,1.344,5.525
348,2019-12-15,0.0345,0.4051666666666667,0.19616666666666668,0.25416666666666665,23.13116666666667,28.24266666666667,4.329833333333333,4.234,1.126,4.393
349,2019-12-16,0.01983333333333333,0.013333333333333334,0.18650000000000005,0.25816666666666666,20.7865,22.204833333333333,4.499,3.261333333333333,0.97,2.4760000000000004
350,2019-12-17,0.19816666666666669,0.1065,0.1536666666666667,0.3321666666666667,20.774833333333333,22.269666666666666,2.0820000000000003,2.379166666666667,0.141,4.092
351,2019-12-18,0.3315,0.7181666666666667,0.08,0.10266666666666667,20.28933333333333,23.049333333333333,3.0935,4.675166666666667,1.061,5.992999999999999
352,2019-12-19,0.3353333333333333,0.6848333333333333,0.07433333333333335,0.11433333333333333,20.975,24.994,4.152833333333334,4.872333333333333,1.395,5.851
353,2019-12-20,0.23766666666666664,0.499,0.12283333333333335,0.1998333333333333,23.42983333333333,26.91333333333333,2.7008333333333336,3.556833333333333,0.6990000000000001,5.189
354,2019-12-21,0.043166666666666666,0.08416666666666668,0.2043333333333333,0.355,24.69,25.61883333333333,2.6733333333333333,3.5689999999999995,0.5379999999999999,3.418
355,2019-12-22,0.3335000000000001,0.7173333333333334,0.07833333333333332,0.10483333333333332,18.9325,23.2585,5.6228333333333325,5.954666666666665,2.65,6.0139999999999985
356,2019-12-23,0.343,0.7341666666666665,0.07,0.09616666666666668,19.678666666666672,24.501666666666665,4.411666666666667,4.408,1.2340000000000002,6.017
357,2019-12-24,0.3488333333333333,0.7228333333333333,0.06666666666666668,0.10066666666666667,21.335833333333326,26.38583333333333,1.8701666666666668,2.6935,0.28800000000000003,5.933
358,2019-12-25,0.32299999999999995,0.6813333333333333,0.08199999999999999,0.11733333333333333,24.096499999999995,29.49416666666667,2.400333333333333,1.5248333333333333,0.13900000000000004,5.7120000000000015
359,2019-12-26,0.31049999999999994,0.5158333333333334,0.092,0.20066666666666666,25.366,28.756833333333336,2.411,3.7151666666666654,0.5479999999999999,5.2860000000000005
360,2019-12-27,0.068,0.4936666666666666,0.19583333333333333,0.21333333333333335,24.66083333333333,28.247,3.3683333333333336,4.594166666666666,1.122,4.746
361,2019-12-28,0.31716666666666665,0.6735000000000001,0.08283333333333333,0.12066666666666664,25.0775,29.325166666666664,3.301833333333333,4.123166666666667,0.8809999999999999,5.6690000000000005
362,2019-12-29,0.061666666666666675,0.3878333333333333,0.20233333333333334,0.2581666666666667,24.86333333333333,30.292,2.0588333333333333,1.3233333333333333,0.129,4.468000000000001
363,2019-12-30,0.3123333333333333,0.6371666666666668,0.08649999999999998,0.1376666666666667,25.55566666666667,29.92016666666667,2.123,2.155333333333333,0.127,5.570999999999999
364,2019-12-31,0.28400000000000003,0.21066666666666664,0.11416666666666668,0.314,26.17700000000001,30.1215,2.403666666666667,2.251,0.191,4.463
