,data,el_madrugada,ws_madrugada,el_manha,ws_manha,el_tarde,ws_tarde,el_noite,ws_noite
1,2019-01-01,0.0275,2.950333333333333,0.060333333333333336,3.764833333333333,0.0965,4.356,0.14300000000000002,5.071000000000001
2,2019-01-02,0.11383333333333333,4.673666666666667,0.043333333333333335,3.2185,0.003166666666666667,1.6799999999999995,0.0175,2.585
3,2019-01-03,0.0045,1.8208333333333333,0.015166666666666669,2.2786666666666666,0.19083333333333333,5.549166666666667,0.05566666666666666,3.567166666666667
4,2019-01-04,0.036333333333333336,3.152333333333333,0.008833333333333334,2.1491666666666664,0.03133333333333333,3.0145,0.021666666666666667,2.720166666666666
5,2019-01-05,0.0205,2.6955,0.04466666666666667,3.3725,0.1366666666666667,4.981166666666667,0.1405,5.035833333333334
6,2019-01-06,0.14400000000000002,5.089,0.10766666666666663,4.582833333333333,0.07183333333333332,3.9605,0.131,4.917333333333334
7,2019-01-07,0.09583333333333333,4.394333333333333,0.07033333333333333,3.9731666666666667,0.021,2.6556666666666664,0.009333333333333334,2.156833333333333
8,2019-01-08,0.013333333333333336,2.381,0.002,1.5246666666666666,0.0405,3.1528333333333336,0.057,3.690333333333333
9,2019-01-09,0.05716666666666668,3.679,0.06716666666666668,3.874333333333334,0.006333333333333334,1.6856666666666664,0.014666666666666668,2.4365
10,2019-01-10,0.010333333333333332,2.233833333333333,0.03233333333333333,3.0590000000000006,0.005,1.7676666666666667,0.008666666666666668,1.887
11,2019-01-11,0.0035,1.5501666666666667,0.011333333333333334,2.2968333333333337,0.028833333333333325,2.8353333333333333,0.032499999999999994,3.060166666666667
12,2019-01-12,0.025,2.8626666666666662,0.036166666666666666,3.182166666666667,0.0725,3.9965,0.07833333333333332,4.121166666666666
13,2019-01-13,0.053333333333333344,3.5580000000000003,0.02183333333333333,2.7206666666666663,0.00816666666666667,1.9961666666666664,0.024500000000000004,2.8395
14,2019-01-14,0.01716666666666667,2.561333333333333,0.0028333333333333327,1.5991666666666668,0.0,0.7843333333333334,0.0018333333333333333,1.273
15,2019-01-15,0.0023333333333333327,1.580833333333333,0.0008333333333333334,1.1763333333333332,0.0023333333333333327,1.3728333333333331,0.02316666666666667,2.7776666666666667
16,2019-01-16,0.02633333333333333,2.899833333333333,0.0255,2.8675,0.034833333333333334,3.1251666666666664,0.006166666666666668,1.8691666666666664
17,2019-01-17,0.0038333333333333327,1.7086666666666668,0.004,1.6351666666666669,0.018500000000000003,2.4035,0.09016666666666666,4.307666666666667
18,2019-01-18,0.08900000000000001,4.286333333333333,0.1135,4.669666666666667,0.19966666666666666,5.700166666666667,0.18033333333333332,5.4304999999999986
19,2019-01-19,0.04066666666666666,3.297166666666667,0.2085,5.687833333333334,0.19,5.578333333333332,0.058666666666666666,3.7111666666666667
20,2019-01-20,0.03883333333333334,3.2741666666666664,0.06416666666666666,3.827166666666667,0.07083333333333333,3.980833333333333,0.032,3.068833333333333
21,2019-01-21,0.017333333333333333,2.5595000000000003,0.0031666666666666666,1.2848333333333335,0.02733333333333333,2.8716666666666666,0.01683333333333334,2.509
22,2019-01-22,0.0075,2.0605,0.0018333333333333333,1.4055,0.043,3.281166666666666,0.07583333333333334,4.075
23,2019-01-23,0.03833333333333334,3.2463333333333337,0.013999999999999999,2.289833333333333,0.002,1.4336666666666666,0.007333333333333333,2.0236666666666667
24,2019-01-24,0.013333333333333334,2.3793333333333333,0.050666666666666665,3.4986666666666664,0.08600000000000001,4.2523333333333335,0.0695,3.958
25,2019-01-25,0.0555,3.678833333333333,0.10416666666666667,4.5075,0.13633333333333333,4.978833333333333,0.1198333333333333,4.714166666666666
26,2019-01-26,0.055333333333333325,3.658833333333334,0.0815,4.142333333333333,0.11116666666666668,4.627833333333334,0.10249999999999998,4.51
27,2019-01-27,0.060166666666666674,3.765833333333333,0.03216666666666667,3.0638333333333336,0.0595,3.673666666666667,0.093,4.363666666666666
28,2019-01-28,0.062,3.7603333333333335,0.012666666666666668,2.2976666666666667,0.001,1.1731666666666667,0.004333333333333332,1.733666666666667
29,2019-01-29,0.001666666666666667,1.436,0.0006666666666666666,1.187,0.0,0.9276666666666666,0.0055000000000000005,1.7918333333333332
30,2019-01-30,0.005333333333333333,1.8836666666666664,0.0030000000000000005,1.6695,0.00816666666666667,2.0796666666666663,0.0005,0.9335
31,2019-01-31,0.0005,1.0166666666666668,0.002166666666666667,1.569,0.0075000000000000015,2.052833333333333,0.0038333333333333327,1.7548333333333332
32,2019-02-01,0.0038333333333333327,1.7321666666666664,0.0011666666666666668,1.3601666666666663,0.002166666666666667,1.2816666666666665,0.014333333333333337,2.4113333333333338
33,2019-02-02,0.0075000000000000015,1.8291666666666664,0.021333333333333333,2.5789999999999997,0.025000000000000005,2.841666666666667,0.1315,4.8475
34,2019-02-03,0.05166666666666666,3.588833333333333,0.09516666666666666,4.380166666666667,0.06166666666666665,3.781166666666666,0.025,2.855833333333333
35,2019-02-04,0.012833333333333335,2.343166666666667,0.0105,2.2336666666666667,0.02183333333333333,2.744333333333333,0.02083333333333333,2.7206666666666663
36,2019-02-05,0.011666666666666669,2.3075,0.010833333333333334,2.267666666666667,0.016666666666666666,2.547333333333333,0.0065,1.9753333333333332
37,2019-02-06,0.0036666666666666666,1.727666666666667,0.0011666666666666668,1.3243333333333331,0.02983333333333333,2.9119999999999995,0.04233333333333333,3.3623333333333334
38,2019-02-07,0.03066666666666666,3.0043333333333337,0.009666666666666669,2.177833333333333,0.012500000000000002,2.2415,0.021333333333333333,2.728166666666666
39,2019-02-08,0.018666666666666668,2.6331666666666664,0.0035,1.3013333333333332,0.0008333333333333334,0.9413333333333332,0.016,2.4875
40,2019-02-09,0.02266666666666667,2.768,0.013333333333333334,2.290166666666667,0.0031666666666666666,1.3721666666666668,0.036333333333333336,3.203666666666667
41,2019-02-10,0.026666666666666658,2.905,0.011,2.2485,0.002166666666666667,1.39,0.018000000000000002,2.5508333333333333
42,2019-02-11,0.006666666666666668,1.955833333333333,0.0026666666666666666,1.6021666666666663,0.00016666666666666666,0.9568333333333334,0.001,0.9806666666666668
43,2019-02-12,0.013666666666666669,2.1531666666666665,0.22733333333333336,5.936333333333333,0.2131666666666667,5.845,0.125,4.7238333333333316
44,2019-02-13,0.02016666666666667,2.6581666666666663,0.0085,2.127666666666667,0.022166666666666668,2.7116666666666664,0.03866666666666666,3.2591666666666668
45,2019-02-14,0.04183333333333333,3.3415,0.037500000000000006,3.2253333333333334,0.08766666666666667,4.24,0.09199999999999997,4.316
46,2019-02-15,0.05766666666666667,3.6905,0.08083333333333335,4.163333333333333,0.0815,4.175166666666667,0.061,3.7721666666666662
47,2019-02-16,0.03833333333333334,3.2656666666666667,0.08033333333333333,4.117166666666667,0.11466666666666665,4.698,0.06842857142857142,3.9291428571428577
48,2019-02-17,0.0475,3.4890000000000003,0.07650000000000001,4.078,0.08933333333333332,4.3068333333333335,0.06766666666666668,3.924666666666667
49,2019-02-18,0.06333333333333334,3.8310000000000004,0.06433333333333334,3.8605,0.09883333333333333,4.463166666666666,0.029166666666666664,2.954833333333333
50,2019-02-19,0.006166666666666668,1.8773333333333329,0.00816666666666667,1.9893333333333332,0.0048333333333333344,1.7698333333333334,0.002166666666666667,1.5193333333333332
51,2019-02-20,0.0003333333333333333,0.8976666666666667,0.0006666666666666666,1.1136666666666668,0.0045000000000000005,1.8041666666666665,0.00933333333333333,2.172833333333333
52,2019-02-21,0.00816666666666667,2.1118333333333337,0.008,2.0836666666666663,0.05583333333333334,3.620333333333333,0.05099999999999999,3.5575
53,2019-02-22,0.0225,2.7736666666666667,0.011,2.1146666666666665,0.0205,2.5428333333333337,0.028833333333333325,2.986833333333333
54,2019-02-23,0.008666666666666666,1.9736666666666671,0.0018333333333333333,1.4518333333333333,0.0011666666666666668,1.2938333333333334,0.016666666666666666,2.522333333333333
55,2019-02-24,0.009166666666666668,2.1573333333333333,0.04833333333333334,3.467166666666666,0.1175,4.612166666666667,0.024333333333333332,2.6251666666666664
56,2019-02-25,0.007333333333333333,2.000166666666667,0.05166666666666666,3.5331666666666663,0.11216666666666668,4.6273333333333335,0.027166666666666672,2.7536666666666667
57,2019-02-26,0.0145,2.4476666666666667,0.006333333333333334,1.9506666666666663,0.0011666666666666668,1.346833333333333,0.0038333333333333344,1.744
58,2019-02-27,0.004833333333333333,1.8631666666666669,0.011833333333333336,2.3226666666666667,0.02316666666666667,2.796333333333333,0.020000000000000004,2.6835
59,2019-02-28,0.006666666666666668,1.9448333333333332,0.0005,0.9181666666666666,0.006999999999999999,2.0315000000000003,0.007833333333333333,2.0615
60,2019-03-01,0.007666666666666665,2.054333333333333,0.0013333333333333333,1.3585,0.013000000000000001,2.233333333333333,0.036000000000000004,3.1860000000000004
61,2019-03-02,0.03766666666666668,3.203333333333333,0.028666666666666663,2.920666666666667,0.027166666666666662,2.865,0.0033333333333333327,1.6941666666666668
62,2019-03-03,0.0061666666666666675,1.9750000000000003,0.0011666666666666668,1.1814999999999998,0.0215,2.4673333333333334,0.04233333333333333,3.3605
63,2019-03-04,0.0675,3.921833333333333,0.07016666666666667,3.9333333333333336,0.11533333333333333,4.544666666666667,0.16116666666666665,5.2734999999999985
64,2019-03-05,0.050833333333333335,3.514666666666667,0.007666666666666669,1.6566666666666665,0.005333333333333333,1.8091666666666668,0.010333333333333337,2.2318333333333333
65,2019-03-06,0.007166666666666668,2.0381666666666667,0.013000000000000001,2.3795,0.025000000000000005,2.730166666666667,0.05816666666666667,3.7251666666666665
66,2019-03-07,0.046000000000000006,3.447833333333333,0.0145,2.203666666666667,0.00016666666666666666,0.9103333333333332,0.0031666666666666666,1.6418333333333337
67,2019-03-08,0.0026666666666666666,1.5691666666666666,0.009333333333333334,2.1453333333333333,0.0018333333333333333,1.401166666666667,0.031166666666666662,2.9885
68,2019-03-09,0.09433333333333334,4.3735,0.0985,4.444333333333333,0.12333333333333335,4.778333333333333,0.1325,4.934833333333334
69,2019-03-10,0.09366666666666668,4.3725,0.07350000000000001,4.0360000000000005,0.0805,4.1578333333333335,0.0435,3.392
70,2019-03-11,0.04133333333333334,3.3448333333333338,0.08616666666666667,4.205,0.12583333333333332,4.8453333333333335,0.07966666666666668,4.1405
71,2019-03-12,0.05083333333333332,3.5605,0.03333333333333333,3.1198333333333337,0.013833333333333336,2.2605,0.05100000000000001,3.5605
72,2019-03-13,0.015,2.464666666666667,0.04116666666666666,3.3159999999999994,0.02333333333333333,2.7081666666666666,0.002,1.3763333333333332
73,2019-03-14,0.013666666666666669,2.4135,0.0295,2.9933333333333336,0.035166666666666666,3.143,0.0011666666666666668,1.1353333333333335
74,2019-03-15,0.0005,1.1398333333333337,0.00016666666666666666,0.9356666666666668,0.012833333333333334,2.3073333333333337,0.0195,2.656333333333333
75,2019-03-16,0.021333333333333333,2.7271666666666667,0.07066666666666667,3.9375,0.11016666666666668,4.6295,0.09883333333333333,4.457
76,2019-03-17,0.09733333333333333,4.440666666666666,0.15050000000000002,5.1370000000000005,0.17800000000000002,5.466333333333334,0.17766666666666664,5.4638333333333335
77,2019-03-18,0.10766666666666663,4.579166666666667,0.018333333333333337,2.261166666666667,0.003166666666666667,1.3916666666666668,0.01633333333333334,2.4955
78,2019-03-19,0.05400000000000001,3.6115,0.062166666666666676,3.7898333333333336,0.07916666666666668,4.1338333333333335,0.036333333333333336,3.188166666666667
79,2019-03-20,0.030166666666666668,3.0091666666666668,0.07183333333333332,3.9906666666666673,0.06683333333333334,3.8958333333333335,0.081,4.166
80,2019-03-21,0.04683333333333334,3.455,0.04766666666666666,3.4875000000000003,0.029666666666666668,2.980166666666667,0.006499999999999999,1.9821666666666664
81,2019-03-22,0.0068333333333333345,2.0163333333333333,0.027666666666666662,2.8793333333333333,0.062166666666666676,3.8086666666666664,0.061166666666666675,3.7969999999999993
82,2019-03-23,0.01933333333333333,2.416666666666667,0.016166666666666666,2.4476666666666667,0.0295,2.9803333333333337,0.0061666666666666675,1.9553333333333327
83,2019-03-24,0.011500000000000002,2.3016666666666667,0.005,1.8523333333333327,0.009000000000000001,2.099166666666666,0.011333333333333334,2.2525
84,2019-03-25,0.0525,3.5548333333333333,0.10666666666666667,4.566000000000002,0.09583333333333333,4.377,0.025500000000000002,2.832666666666667
85,2019-03-26,0.012500000000000002,2.275166666666667,0.0275,2.9455000000000005,0.029166666666666664,2.994333333333333,0.01633333333333333,2.5181666666666667
86,2019-03-27,0.009666666666666664,2.1846666666666663,0.046000000000000006,3.4373333333333336,0.07050000000000001,3.9783333333333335,0.061666666666666675,3.798666666666666
87,2019-03-28,0.056,3.6843333333333335,0.11066666666666668,4.585,0.1535,5.1963333333333335,0.10666666666666667,4.5795
88,2019-03-29,0.06916666666666668,3.947333333333333,0.085,4.211833333333334,0.17266666666666666,5.3966666666666665,0.14866666666666667,5.137166666666666
89,2019-03-30,0.07883333333333334,4.076333333333333,0.011500000000000002,2.0596666666666663,0.02266666666666667,2.517,0.034833333333333334,3.1673333333333336
90,2019-03-31,0.0215,2.681833333333333,0.006333333333333334,1.9703333333333333,0.006666666666666667,1.9933333333333332,0.012666666666666666,2.362
91,2019-04-01,0.011666666666666669,2.3161666666666667,0.02633333333333333,2.883833333333333,0.06933333333333334,3.941666666666667,0.06383333333333334,3.85
92,2019-04-02,0.05833333333333333,3.730833333333333,0.022500000000000003,2.5805,0.0016666666666666668,1.2993333333333332,0.008666666666666668,2.0980000000000003
93,2019-04-03,0.0013333333333333333,1.3804999999999998,0.012166666666666666,2.3235,0.003333333333333334,1.554833333333333,0.005666666666666667,1.881
94,2019-04-04,0.004666666666666665,1.8251666666666668,0.0003333333333333333,1.0638333333333334,0.011500000000000002,1.7793333333333337,0.02583333333333333,2.879833333333333
95,2019-04-05,0.0155,2.486166666666667,0.2001666666666667,5.322333333333333,0.21016666666666664,5.796500000000001,0.0575,3.6245
96,2019-04-06,0.0195,2.6460000000000004,0.02583333333333333,2.837666666666667,0.0415,3.3441666666666667,0.025999999999999995,2.895833333333333
97,2019-04-07,0.023500000000000004,2.8088333333333337,0.02383333333333333,2.806666666666666,0.00816666666666667,2.1148333333333333,0.005666666666666665,1.919
98,2019-04-08,0.004666666666666667,1.8565000000000005,0.015,2.4535,0.018166666666666668,2.5866666666666664,0.0041666666666666675,1.7738333333333332
99,2019-04-09,0.003666666666666667,1.7621666666666669,0.018666666666666668,2.541,0.051833333333333335,3.5885,0.043166666666666666,3.3871666666666664
100,2019-04-10,0.043166666666666666,3.3865000000000003,0.06799999999999999,3.9043333333333337,0.07333333333333332,4.033833333333333,0.07166666666666667,4.000166666666667
101,2019-04-11,0.04666666666666666,3.448,0.014333333333333337,2.335166666666667,0.0003333333333333333,0.9086666666666664,0.005,1.8283333333333331
102,2019-04-12,0.009000000000000001,2.142,0.018166666666666668,2.6115,0.025333333333333333,2.8683333333333336,0.0068333333333333345,2.0091666666666668
103,2019-04-13,0.0065,2.0108333333333333,0.0045,1.8168333333333333,0.02583333333333333,2.802,0.03583333333333333,3.1918333333333333
104,2019-04-14,0.018000000000000002,2.5355,0.0013333333333333333,1.41,0.0,0.8454999999999999,0.0048333333333333344,1.800166666666667
105,2019-04-15,0.0006666666666666666,1.1223333333333336,0.013166666666666669,2.216666666666667,0.0355,3.1758333333333333,0.0355,3.1575
106,2019-04-16,0.08083333333333334,4.142499999999999,0.14133333333333334,5.045833333333333,0.08583333333333333,4.218999999999999,0.241,6.054166666666666
107,2019-04-17,0.2095,5.763333333333333,0.09000000000000001,4.243833333333334,0.03016666666666666,3.015,0.009666666666666669,2.1998333333333333
108,2019-04-18,0.005,1.86,0.007166666666666668,2.035,0.0075,2.0456666666666665,0.0035,1.719
109,2019-04-19,0.006333333333333333,1.965833333333333,0.0038333333333333344,1.7618333333333334,0.007000000000000003,1.957,0.002166666666666667,1.5030000000000001
110,2019-04-20,0.004833333333333333,1.8323333333333331,0.016166666666666666,2.489,0.00816666666666667,2.0080000000000005,0.004,1.6626666666666667
111,2019-04-21,0.0055000000000000005,1.9173333333333331,0.008833333333333334,2.165833333333333,0.019000000000000003,2.607333333333333,0.03333333333333333,3.0481666666666665
112,2019-04-22,0.010333333333333332,2.212333333333333,0.004333333333333334,1.8315,0.007833333333333335,2.052,0.007833333333333333,2.0975
113,2019-04-23,0.009833333333333336,2.2180000000000004,0.0345,3.066333333333333,0.07633333333333335,4.078333333333333,0.0585,3.717333333333333
114,2019-04-24,0.035,3.1631666666666667,0.02266666666666667,2.749333333333334,0.012666666666666666,2.333333333333333,0.009833333333333336,2.2150000000000003
115,2019-04-25,0.0085,2.129833333333333,0.030500000000000006,3.0126666666666666,0.05466666666666667,3.648,0.08916666666666667,4.261166666666667
116,2019-04-26,0.11066666666666664,4.6355,0.10616666666666667,4.5695,0.1105,4.636500000000002,0.1195,4.759833333333334
117,2019-04-27,0.05733333333333334,3.6520000000000006,0.006166666666666668,1.9280000000000002,0.004833333333333333,1.8306666666666669,0.0038333333333333327,1.666
118,2019-04-28,0.08083333333333333,4.1466666666666665,0.11416666666666668,4.682333333333333,0.09883333333333333,4.413666666666667,0.029166666666666667,3.000166666666667
119,2019-04-29,0.016,2.5156666666666667,0.010500000000000002,2.244166666666667,0.001,1.1796666666666669,0.0023333333333333327,1.4511666666666667
120,2019-04-30,0.0035,1.5995,0.0,0.7000000000000001,0.0033333333333333327,1.6133333333333333,0.0038333333333333327,1.734
121,2019-05-01,0.0036666666666666666,1.7323333333333333,0.00816666666666667,2.1050000000000004,0.006999999999999999,2.0290000000000004,0.003333333333333334,1.6901666666666666
122,2019-05-02,0.0,0.7038333333333334,0.00016666666666666666,0.951,0.00016666666666666666,0.9608333333333332,0.017666666666666667,2.5371666666666663
123,2019-05-03,0.02416666666666667,2.780333333333333,0.0035,1.6055,0.0005,1.0983333333333334,0.008666666666666666,2.0668333333333333
124,2019-05-04,0.00016666666666666666,0.8526666666666666,0.0015000000000000002,1.1175,0.007166666666666666,1.764833333333333,0.023500000000000004,2.801
125,2019-05-05,0.015333333333333338,2.410833333333333,0.011,2.2675,0.001,0.8886666666666666,0.0,0.7393333333333333
126,2019-05-06,0.0005,1.1706666666666667,0.01716666666666667,2.4355,0.12866666666666668,4.781000000000001,0.022166666666666668,2.7391666666666663
127,2019-05-07,0.013666666666666669,2.408166666666667,0.025333333333333333,2.8735,0.025166666666666667,2.832333333333333,0.006999999999999999,2.030333333333333
128,2019-05-08,0.015,2.4673333333333334,0.04683333333333334,3.321,0.09700000000000003,4.4144999999999985,0.062166666666666676,3.806666666666666
129,2019-05-09,0.06966666666666667,3.966,0.11166666666666664,4.597166666666666,0.18733333333333327,5.5681666666666665,0.165,5.2989999999999995
130,2019-05-10,0.11133333333333333,4.646,0.1035,4.5071666666666665,0.06583333333333334,3.8736666666666655,0.012333333333333337,2.265
131,2019-05-11,0.029833333333333337,2.9565,0.04933333333333334,3.363666666666667,0.006666666666666668,1.7975,0.017333333333333333,2.5388333333333333
132,2019-05-12,0.010833333333333334,2.26,0.011833333333333331,2.3206666666666664,0.015500000000000003,2.4640000000000004,0.0013333333333333333,1.4098333333333333
133,2019-05-13,0.0036666666666666666,1.7125,0.04183333333333333,3.2581666666666678,0.1065,4.560833333333333,0.024000000000000004,2.738833333333333
134,2019-05-14,0.004666666666666667,1.790166666666667,0.05416666666666667,3.6251666666666655,0.013000000000000005,2.268666666666667,0.001,1.3115
135,2019-05-15,0.001,1.227,0.034833333333333334,2.9758333333333327,0.06983333333333333,3.938333333333333,0.035500000000000004,3.1806666666666668
136,2019-05-16,0.029333333333333333,3.0081666666666664,0.04016666666666666,3.2863333333333333,0.06766666666666668,3.9186666666666663,0.07400000000000001,4.038166666666666
137,2019-05-17,0.06899999999999999,3.9468333333333327,0.08866666666666667,4.193666666666666,0.163,5.303166666666667,0.0635,3.818333333333333
138,2019-05-18,0.044500000000000005,3.4200000000000004,0.08816666666666667,4.1785,0.122,4.791333333333333,0.07933333333333334,4.127666666666666
139,2019-05-19,0.04566666666666666,3.452,0.050166666666666665,3.549666666666667,0.015166666666666669,2.2923333333333336,0.013166666666666669,2.371833333333333
140,2019-05-20,0.0028333333333333327,1.5423333333333331,0.0035000000000000014,1.6688333333333334,0.0048333333333333344,1.7766666666666666,0.018833333333333337,2.6319999999999997
141,2019-05-21,0.02083333333333333,2.704833333333333,0.012000000000000002,2.3018333333333336,0.0018333333333333333,1.3858333333333333,0.0011666666666666668,1.301333333333333
142,2019-05-22,0.02116666666666667,2.7023333333333333,0.0215,2.7131666666666665,0.013666666666666669,2.3793333333333337,0.03766666666666666,3.2311666666666667
143,2019-05-23,0.050166666666666665,3.551333333333333,0.08433333333333333,4.218666666666668,0.043833333333333335,3.395166666666667,0.0145,2.397333333333333
144,2019-05-24,0.008333333333333333,2.108,0.07033333333333333,3.7938333333333336,0.10833333333333332,4.567333333333333,0.054333333333333324,3.644833333333333
145,2019-05-25,0.025333333333333333,2.87,0.03133333333333333,3.0703333333333336,0.02183333333333333,2.697,0.0033333333333333327,1.4358333333333333
146,2019-05-26,0.001,1.1403333333333334,0.007333333333333334,2.044666666666666,0.001,1.2946666666666666,0.014833333333333337,2.4483333333333333
147,2019-05-27,0.003166666666666667,1.4938333333333331,0.0006666666666666666,1.185,0.0005,0.8098333333333333,0.012500000000000002,2.2025
148,2019-05-28,0.013500000000000005,2.2835,0.055,3.5079999999999987,0.016999999999999998,2.5206666666666666,0.013333333333333336,2.3898333333333333
149,2019-05-29,0.005166666666666668,1.8773333333333333,0.01216666666666667,2.3045,0.0175,2.5518333333333336,0.004833333333333333,1.8445
150,2019-05-30,0.008333333333333335,2.106666666666667,0.051,3.3978333333333333,0.1085,4.601166666666667,0.12749999999999995,4.8406666666666665
151,2019-05-31,0.04066666666666667,3.3058333333333336,0.04416666666666666,3.4033333333333338,0.05733333333333334,3.6745,0.02683333333333333,2.9189999999999996
152,2019-06-01,0.025333333333333333,2.8710000000000004,0.03166666666666667,3.0741666666666667,0.044500000000000005,3.4194999999999998,0.03266666666666667,3.092833333333333
153,2019-06-02,0.021,2.7216666666666667,0.022500000000000003,2.782166666666667,0.024333333333333332,2.826,0.013333333333333329,2.4008333333333334
154,2019-06-03,0.007333333333333333,2.0505,0.008666666666666668,2.0788333333333333,0.01916666666666667,2.645,0.008666666666666668,2.114333333333333
155,2019-06-04,0.005666666666666667,1.8926666666666667,0.0058333333333333345,1.9013333333333329,0.0006666666666666666,1.208,0.0026666666666666666,1.5328333333333333
156,2019-06-05,0.011,2.277,0.029333333333333333,2.951333333333333,0.04983333333333333,3.5428333333333337,0.07066666666666667,3.978166666666667
157,2019-06-06,0.050166666666666665,3.549333333333333,0.03,3.0156666666666667,0.04233333333333333,3.3345,0.026166666666666668,2.9035000000000006
158,2019-06-07,0.013333333333333334,2.317333333333333,0.0068333333333333345,1.8708333333333331,0.009000000000000001,2.111166666666666,0.005,1.8563333333333332
159,2019-06-08,0.0045000000000000005,1.7601666666666669,0.0015000000000000002,1.477666666666667,0.02283333333333333,2.7253333333333334,0.0023333333333333327,1.546166666666667
160,2019-06-09,0.0008333333333333334,1.2396666666666667,0.021666666666666667,2.6246666666666667,0.028166666666666663,2.9655000000000005,0.038,3.2561666666666667
161,2019-06-10,0.028666666666666663,2.9703333333333326,0.0165,2.5211666666666663,0.012166666666666666,2.330833333333333,0.0045,1.7286666666666666
162,2019-06-11,0.0023333333333333327,1.5958333333333332,0.0005,1.0331666666666668,0.0030000000000000005,1.5390000000000001,0.0105,2.240666666666667
163,2019-06-12,0.009333333333333334,2.1985,0.011499999999999998,2.302166666666667,0.006833333333333333,2.0108333333333337,0.0055000000000000005,1.9185
164,2019-06-13,0.002,1.5053333333333334,0.0011666666666666668,1.3325,0.0048333333333333344,1.852,0.006666666666666668,1.9813333333333336
165,2019-06-14,0.0015000000000000002,1.4654999999999998,0.003666666666666667,1.7303333333333335,0.0038333333333333327,1.7528333333333332,0.0025,1.6066666666666665
166,2019-06-15,0.0023333333333333327,1.5498333333333332,0.0018333333333333335,1.5065000000000002,0.0005,1.0433333333333332,0.001,1.2715
167,2019-06-16,0.0011666666666666668,1.392,0.0006666666666666666,1.112,0.0,0.4881666666666666,0.0028333333333333327,1.6236666666666668
168,2019-06-17,0.0015000000000000002,1.3766666666666667,0.004333333333333334,1.7171666666666665,0.02866666666666667,2.9483333333333337,0.06549999999999999,3.8665
169,2019-06-18,0.046500000000000014,3.462,0.016,2.448833333333333,0.0015000000000000002,1.4249999999999998,0.0048333333333333344,1.8708333333333331
170,2019-06-19,0.0125,2.2696666666666667,0.11333333333333336,4.658333333333333,0.11416666666666668,4.6868333333333325,0.12616666666666668,4.849666666666667
171,2019-06-20,0.10933333333333332,4.609,0.06266666666666666,3.8205,0.019833333333333338,2.5748333333333338,0.002166666666666667,1.4480000000000002
172,2019-06-21,0.008666666666666668,2.1496666666666666,0.0225,2.7640000000000007,0.0195,2.6666666666666665,0.025666666666666667,2.890833333333333
173,2019-06-22,0.008833333333333334,2.143,0.0058333333333333345,1.935,0.0006666666666666666,1.1216666666666666,0.00016666666666666666,1.0584999999999998
174,2019-06-23,0.0036666666666666666,1.721833333333333,0.0075,2.0643333333333334,0.0013333333333333333,1.359,0.007333333333333334,1.9443333333333332
175,2019-06-24,0.030166666666666668,3.014,0.0305,3.0301666666666667,0.0055000000000000005,1.8155,0.012333333333333332,2.328333333333333
176,2019-06-25,0.011666666666666669,2.307166666666667,0.02766666666666667,2.9125,0.01533333333333333,2.418333333333333,0.14016666666666666,4.967666666666667
177,2019-06-26,0.1951666666666667,5.6225,0.09366666666666668,4.360833333333333,0.050666666666666665,3.495333333333333,0.0036666666666666666,1.4105
178,2019-06-27,0.0011666666666666668,1.118,0.03083333333333333,2.950333333333333,0.0525,3.6060000000000003,0.0615,3.803333333333333
179,2019-06-28,0.04133333333333334,3.3360000000000003,0.0405,3.3088333333333333,0.029166666666666667,2.9113333333333338,0.0555,3.6476666666666655
180,2019-06-29,0.00816666666666667,1.889833333333333,0.004999999999999999,1.8383333333333327,0.005000000000000001,1.8541666666666667,0.008,2.0681666666666665
181,2019-06-30,0.01,2.213,0.011166666666666668,2.095333333333333,0.11166666666666668,4.4656666666666665,0.02183333333333333,2.7416666666666667
182,2019-07-01,0.046000000000000006,3.4128333333333334,0.07316666666666666,3.9818333333333333,0.056833333333333326,3.6711666666666662,0.0165,2.5135
183,2019-07-02,0.007833333333333333,2.101,0.0008333333333333334,0.9093333333333334,0.0,0.4546666666666666,0.00016666666666666666,0.6781666666666668
184,2019-07-03,0.031,2.9215,0.17133333333333334,5.3085,0.20966666666666667,5.7826666666666675,0.11866666666666666,4.756333333333334
185,2019-07-04,0.10249999999999998,4.508,0.11316666666666668,4.635166666666667,0.13899999999999998,4.9785,0.0855,4.226
186,2019-07-05,0.13583333333333333,4.972666666666667,0.2705,6.320666666666668,0.5,8.089166666666666,0.5703333333333332,8.598833333333333
187,2019-07-06,0.33116666666666666,6.848333333333334,0.2928333333333333,6.5545,0.25533333333333336,6.178333333333333,0.097,4.4335
188,2019-07-07,0.061666666666666675,3.800333333333333,0.04416666666666667,3.3868333333333336,0.01216666666666667,2.1945,0.0006666666666666666,1.1906666666666668
189,2019-07-08,0.007666666666666665,2.0496666666666665,0.0006666666666666666,1.1769999999999998,0.00016666666666666666,0.9075,0.001,1.301
190,2019-07-09,0.0006666666666666666,1.1903333333333332,0.0,0.6676666666666667,0.0003333333333333333,0.8775,0.004,1.7765000000000002
191,2019-07-10,0.0020000000000000005,1.4561666666666666,0.0036666666666666666,1.749,0.0005,0.8965,0.0008333333333333334,1.3355
192,2019-07-11,0.0005,1.0008333333333332,0.0005,1.085,0.008,2.0348333333333333,0.0145,2.4431666666666665
193,2019-07-12,0.014833333333333337,2.468666666666667,0.015833333333333338,2.480166666666667,0.0015000000000000002,1.4123333333333334,0.003166666666666667,1.5664999999999998
194,2019-07-13,0.00016666666666666666,0.7571666666666665,0.0006666666666666666,1.1329999999999998,0.023166666666666662,2.7546666666666666,0.024333333333333332,2.8255
195,2019-07-14,0.0245,2.7616666666666667,0.017666666666666667,2.544166666666667,0.04716666666666667,3.4581666666666666,0.018000000000000002,2.595333333333333
196,2019-07-15,0.004,1.7359999999999998,0.0058333333333333345,1.7738333333333334,0.005166666666666668,1.5865,0.047000000000000014,3.4565
197,2019-07-16,0.0955,4.4005,0.12483333333333335,4.815,0.07533333333333334,3.9641666666666673,0.0155,2.4291666666666667
198,2019-07-17,0.0005,1.0371666666666666,0.00016666666666666666,0.8396666666666667,0.02816666666666667,2.9305,0.03783333333333334,3.23
199,2019-07-18,0.025333333333333333,2.869666666666667,0.0335,3.1011666666666664,0.0605,3.7770000000000006,0.077,4.097833333333333
200,2019-07-19,0.061666666666666675,3.799,0.029166666666666664,2.971333333333334,0.005333333333333333,1.6696666666666669,0.004666666666666665,1.8298333333333328
201,2019-07-20,0.0028333333333333327,1.6681666666666668,0.0020000000000000005,1.5475,0.015833333333333338,2.4593333333333334,0.036666666666666674,3.2084999999999995
202,2019-07-21,0.04083333333333333,3.3248333333333333,0.05633333333333334,3.6830000000000003,0.0625,3.8073333333333337,0.0545,3.6503333333333337
203,2019-07-22,0.046000000000000006,3.431166666666668,0.042,3.340666666666667,0.009166666666666668,2.1363333333333334,0.011166666666666668,2.2855000000000003
204,2019-07-23,0.008833333333333334,2.052833333333333,0.0006666666666666666,1.0365,0.0005,1.0431666666666668,0.0026666666666666666,1.5728333333333335
205,2019-07-24,0.0,0.6768333333333333,0.006500000000000002,1.861,0.0265,2.8919999999999995,0.01716666666666667,2.5660000000000003
206,2019-07-25,0.025333333333333333,2.8225,0.07283333333333332,3.9835,0.10833333333333332,4.597833333333334,0.1175,4.7254999999999985
207,2019-07-26,0.14033333333333334,5.0095,0.035666666666666666,3.1220000000000003,0.02,2.4488333333333334,0.0995,4.357833333333333
208,2019-07-27,0.1465,5.111999999999999,0.1411666666666667,5.044833333333333,0.098,4.425166666666667,0.025500000000000002,2.8456666666666663
209,2019-07-28,0.007333333333333333,2.0083333333333333,0.006166666666666668,1.8066666666666664,0.044,3.395666666666667,0.08916666666666667,4.273333333333333
210,2019-07-29,0.08366666666666668,4.155833333333333,0.021,2.6983333333333333,0.013499999999999998,2.3975,0.013166666666666669,2.298833333333333
211,2019-07-30,0.0023333333333333327,1.3665,0.006999999999999999,1.8705,0.028,2.9395,0.009166666666666668,2.1780000000000004
212,2019-07-31,0.0045000000000000005,1.8245,0.0028333333333333327,1.465666666666667,0.010333333333333332,1.8243333333333331,0.050666666666666665,3.565666666666667
213,2019-08-01,0.01716666666666667,2.482,0.01533333333333333,2.397333333333333,0.02066666666666667,2.6628333333333334,0.17400000000000002,5.3308333333333335
214,2019-08-02,0.0765,4.080000000000001,0.13183333333333336,4.887333333333333,0.2041666666666667,5.736999999999999,0.106,4.5615
215,2019-08-03,0.10616666666666663,4.569,0.17016666666666666,5.342833333333334,0.20516666666666666,5.713000000000001,0.05416666666666666,3.639
216,2019-08-04,0.03933333333333334,3.292333333333333,0.0185,2.573833333333333,0.001,1.3196666666666668,0.011500000000000002,2.115833333333333
217,2019-08-05,0.0255,2.8819999999999997,0.07716666666666668,3.9980000000000007,0.12583333333333332,4.8408333333333315,0.07383333333333332,4.017666666666667
218,2019-08-06,0.0365,3.1908333333333334,0.016,2.472166666666667,0.029666666666666668,2.9401666666666664,0.0295,2.955166666666667
219,2019-08-07,0.01,2.2173333333333334,0.0048333333333333344,1.8613333333333333,0.001,1.2141666666666666,0.0018333333333333333,1.4728333333333332
220,2019-08-08,0.0005,1.1059999999999999,0.0,0.5641666666666667,0.0025,1.5018333333333336,0.010833333333333334,2.157
221,2019-08-09,0.0375,3.232833333333333,0.018666666666666668,2.5695,0.013666666666666669,2.386,0.006666666666666668,1.9656666666666665
222,2019-08-10,0.031166666666666662,2.8280000000000003,0.207,5.656499999999999,0.33283333333333337,6.806666666666667,0.058166666666666665,3.6653333333333333
223,2019-08-11,0.011333333333333334,2.2823333333333333,0.009000000000000001,1.7878333333333334,0.10000000000000002,4.448166666666666,0.10683333333333334,4.5515
224,2019-08-12,0.011166666666666668,2.0671666666666666,0.008833333333333334,2.1075,0.052833333333333336,3.3841666666666668,0.034666666666666665,3.1156666666666664
225,2019-08-13,0.1515,5.119,0.2341666666666667,6.040166666666668,0.2868333333333333,6.501833333333333,0.1711666666666667,5.394000000000001
226,2019-08-14,0.10816666666666667,4.5825000000000005,0.055,3.6458333333333335,0.018000000000000002,2.430333333333333,0.0028333333333333327,1.5123333333333333
227,2019-08-15,0.02433333333333333,2.7985,0.05783333333333334,3.7075,0.04616666666666666,3.4488333333333334,0.02083333333333333,2.6525
228,2019-08-16,0.008833333333333334,2.1421666666666668,0.002166666666666667,1.5678333333333334,0.0085,2.0868333333333333,0.018166666666666668,2.611333333333333
229,2019-08-17,0.009166666666666668,2.1565,0.014833333333333337,2.451166666666667,0.013833333333333336,2.404,0.010333333333333332,2.23
230,2019-08-18,0.04983333333333334,3.375833333333333,0.07516666666666667,4.041333333333333,0.11699999999999999,4.724,0.0955,4.410666666666667
231,2019-08-19,0.0615,3.7871666666666655,0.04283333333333333,3.357,0.02383333333333333,2.8201666666666667,0.006333333333333334,1.9513333333333327
232,2019-08-20,0.004666666666666665,1.850666666666667,0.006166666666666668,1.975,0.013666666666666669,2.396333333333333,0.011666666666666664,2.3056666666666668
233,2019-08-21,0.016166666666666666,2.528,0.018166666666666668,2.602333333333333,0.017833333333333336,2.5900000000000003,0.006666666666666668,1.9545
234,2019-08-22,0.0011666666666666668,1.2975,0.018166666666666668,2.5015,0.042,3.347833333333333,0.012666666666666668,2.3503333333333334
235,2019-08-23,0.0038333333333333327,1.3968333333333331,0.027666666666666662,2.781333333333333,0.03333333333333333,3.1181666666666668,0.009333333333333334,2.1411666666666664
236,2019-08-24,0.0005,1.0735,0.0015000000000000002,1.2278333333333329,0.021666666666666667,2.7251666666666665,0.03716666666666666,3.2063333333333333
237,2019-08-25,0.04183333333333333,3.3528333333333333,0.0905,4.227,0.2048333333333333,5.755166666666668,0.21866666666666665,5.888999999999999
238,2019-08-26,0.10700000000000004,4.504833333333333,0.06366666666666666,3.8225,0.01533333333333333,2.456,0.03,3.0223333333333327
239,2019-08-27,0.016666666666666666,2.5018333333333334,0.0015000000000000002,1.2605,0.0028333333333333327,1.5161666666666669,0.0135,2.3785
240,2019-08-28,0.042666666666666665,3.342166666666667,0.056,3.690166666666667,0.08083333333333333,4.13,0.07883333333333334,4.097166666666667
241,2019-08-29,0.025833333333333337,2.8715,0.016666666666666666,2.5428333333333333,0.007833333333333335,2.065333333333333,0.016666666666666666,2.5381666666666667
242,2019-08-30,0.004833333333333333,1.8619999999999999,0.0015000000000000002,1.26,0.0051666666666666675,1.467833333333333,0.020166666666666663,2.5050000000000003
243,2019-08-31,0.061166666666666675,3.345,0.06433333333333334,3.8515,0.058666666666666666,3.7135,0.02183333333333333,2.732166666666666
244,2019-09-01,0.011,2.2781666666666665,0.002166666666666667,1.5238333333333332,0.004833333333333333,1.8115,0.0031666666666666666,1.6868333333333332
245,2019-09-02,0.0016666666666666668,1.3726666666666667,0.0025,1.463833333333333,0.0038333333333333344,1.4621666666666666,0.004333333333333333,1.8321666666666667
246,2019-09-03,0.0016666666666666668,1.2393333333333334,0.021666666666666667,2.712666666666667,0.062333333333333324,3.812166666666666,0.009000000000000001,2.0269999999999997
247,2019-09-04,0.0075,1.7435,0.05733333333333334,3.671833333333333,0.10699999999999997,4.570666666666667,0.058166666666666665,3.720833333333333
248,2019-09-05,0.02633333333333333,2.8913333333333333,0.011333333333333334,2.2974999999999994,0.02683333333333333,2.826833333333333,0.06366666666666666,3.825333333333333
249,2019-09-06,0.0955,4.4095,0.1738333333333333,5.404333333333334,0.17966666666666667,5.486666666666667,0.171,5.333500000000001
250,2019-09-07,0.04716666666666667,3.4658333333333324,0.02083333333333333,2.625666666666667,0.08650000000000001,4.206333333333333,0.10816666666666667,4.585166666666667
251,2019-09-08,0.08183333333333333,4.1353333333333335,0.0013333333333333333,1.094666666666667,0.010833333333333334,1.9381666666666668,0.015,2.354
252,2019-09-09,0.01016666666666667,2.199333333333333,0.031000000000000007,3.033,0.035333333333333335,3.1575,0.022,2.717333333333334
253,2019-09-10,0.01933333333333333,2.5671666666666666,0.05433333333333334,3.6445,0.022500000000000003,2.7671666666666668,0.018166666666666668,2.5786666666666664
254,2019-09-11,0.0595,3.7021666666666655,0.1285,4.877666666666666,0.036666666666666674,2.9898333333333333,0.0003333333333333333,0.9226666666666666
255,2019-09-12,0.005,1.5285,0.027000000000000003,2.910833333333333,0.06566666666666666,3.8521666666666663,0.035666666666666666,3.1001666666666665
256,2019-09-13,0.015166666666666669,2.4818333333333333,0.011333333333333334,2.2936666666666663,0.01983333333333333,2.6558333333333333,0.01533333333333333,2.4675
257,2019-09-14,0.04950000000000001,3.522333333333333,0.14633333333333334,5.069333333333333,0.21766666666666667,5.8805000000000005,0.158,5.194166666666668
258,2019-09-15,0.13416666666666668,4.958666666666667,0.04033333333333334,3.128,0.023000000000000003,2.714166666666667,0.043166666666666666,3.387
259,2019-09-16,0.03216666666666667,3.0813333333333333,0.02633333333333333,2.898333333333333,0.2233333333333333,5.923166666666668,0.032,2.9306666666666668
260,2019-09-17,0.029833333333333337,3.0096666666666665,0.03416666666666667,3.1365,0.02066666666666667,2.6996666666666664,0.016,2.519333333333333
261,2019-09-18,0.004333333333333334,1.687833333333333,0.010666666666666666,2.207333333333333,0.0023333333333333327,1.5071666666666663,0.004,1.662
262,2019-09-19,0.035,3.056666666666666,0.09066666666666667,4.303,0.01216666666666667,2.3040000000000003,0.0031666666666666666,1.237
263,2019-09-20,0.06916666666666668,3.878,0.09066666666666666,4.293833333333333,0.07200000000000001,3.9615,0.009166666666666668,2.1411666666666664
264,2019-09-21,0.0026666666666666666,1.5636666666666668,0.0005,1.1235,0.002166666666666667,1.4516666666666664,0.0025,1.6056666666666668
265,2019-09-22,0.0045000000000000005,1.8303333333333327,0.037000000000000005,3.108,0.10066666666666667,4.484000000000001,0.018333333333333337,2.5375
266,2019-09-23,0.005333333333333333,1.9205,0.03266666666666667,2.9599999999999995,0.12483333333333335,4.821166666666667,0.10533333333333332,4.558333333333334
267,2019-09-24,0.048500000000000015,3.4803333333333337,0.006666666666666667,1.9956666666666667,0.018166666666666668,2.5735,0.016666666666666666,2.539833333333333
268,2019-09-25,0.017,2.559333333333333,0.009999999999999998,2.2036666666666664,0.017666666666666667,2.5591666666666666,0.02683333333333333,2.9101666666666666
269,2019-09-26,0.012666666666666668,2.354833333333333,0.0023333333333333327,1.4190000000000005,0.0030000000000000005,1.641,0.005,1.6713333333333331
270,2019-09-27,0.014666666666666666,2.4355,0.016666666666666666,2.4996666666666667,0.02233333333333333,2.7716666666666665,0.03283333333333333,3.061666666666667
271,2019-09-28,0.05133333333333332,3.5851666666666664,0.08900000000000001,4.259833333333334,0.1615,5.2923333333333344,0.09583333333333333,4.400666666666666
272,2019-09-29,0.06416666666666666,3.8196666666666665,0.015166666666666669,2.4,0.02183333333333333,2.6638333333333333,0.049666666666666665,3.5375
273,2019-09-30,0.09066666666666667,4.324666666666666,0.08766666666666667,4.248666666666666,0.08566666666666667,4.1895,0.12083333333333332,4.782166666666666
274,2019-10-01,0.096,4.416666666666667,0.0755,4.048666666666667,0.042166666666666665,3.3646666666666665,0.03583333333333333,3.1925000000000003
275,2019-10-02,0.052333333333333336,3.6,0.03283333333333333,3.0725,0.0030000000000000005,1.4713333333333332,0.0555,3.5621666666666663
276,2019-10-03,0.013500000000000005,2.3328333333333333,0.03383333333333333,3.1065,0.058666666666666666,3.733,0.07633333333333335,4.076333333333333
277,2019-10-04,0.0565,3.6915,0.084,4.1735,0.0195,2.6011666666666664,0.02733333333333333,2.920666666666667
278,2019-10-05,0.007833333333333333,2.055333333333333,0.06283333333333334,3.7548333333333326,0.07350000000000001,4.020499999999998,0.05333333333333334,3.4853333333333336
279,2019-10-06,0.0058333333333333345,1.925166666666667,0.024500000000000004,2.801166666666667,0.027666666666666662,2.942833333333333,0.02083333333333333,2.714
280,2019-10-07,0.014333333333333332,2.4231666666666665,0.01983333333333333,2.6465,0.010833333333333334,2.2078333333333333,0.025666666666666667,2.8826666666666667
281,2019-10-08,0.0051666666666666675,1.7976666666666663,0.0105,2.2025,0.018666666666666668,2.6108333333333333,0.0033333333333333327,1.7051666666666667
282,2019-10-09,0.0026666666666666666,1.640666666666667,0.0028333333333333327,1.6435000000000002,0.013333333333333334,2.32,0.03066666666666666,3.0386666666666664
283,2019-10-10,0.02316666666666667,2.795666666666667,0.005333333333333333,1.848,0.0036666666666666666,1.4916666666666665,0.01416666666666667,2.424833333333333
284,2019-10-11,0.02083333333333333,2.6838333333333333,0.012166666666666666,2.3203333333333336,0.005,1.8185,0.006000000000000001,1.9175
285,2019-10-12,0.001,1.288166666666667,0.00016666666666666666,0.86,0.008833333333333334,1.9513333333333331,0.023000000000000003,2.770833333333333
286,2019-10-13,0.0085,2.1181666666666668,0.0055000000000000005,1.8023333333333336,0.052833333333333336,2.932166666666667,0.1085,4.561333333333334
287,2019-10-14,0.06266666666666666,3.82,0.151,5.0539999999999985,0.18783333333333327,5.571333333333333,0.13083333333333333,4.91
288,2019-10-15,0.1085,4.598333333333334,0.1345,4.927833333333333,0.1595,5.268666666666667,0.122,4.799
289,2019-10-16,0.12033333333333332,4.770166666666666,0.15983333333333336,5.244833333333333,0.18866666666666665,5.5825000000000005,0.17500000000000002,5.4303333333333335
290,2019-10-17,0.13316666666666668,4.95,0.21966666666666665,5.8805000000000005,0.277,6.419,0.193,4.991333333333333
291,2019-10-18,0.006833333333333333,1.5015,0.051333333333333335,3.559333333333333,0.03716666666666667,3.2031666666666667,0.04783333333333334,3.4475
292,2019-10-19,0.044833333333333336,3.431833333333333,0.08666666666666667,4.2495,0.109,4.613833333333333,0.035666666666666666,3.1135000000000006
293,2019-10-20,0.007166666666666666,2.032,0.005999999999999999,1.947166666666667,0.02,2.645,0.0185,2.6046666666666667
294,2019-10-21,0.028666666666666663,2.8885,0.10916666666666668,4.618666666666666,0.078,4.045833333333333,0.003166666666666667,1.461666666666667
295,2019-10-22,0.006000000000000001,1.8295,0.04133333333333333,3.3336666666666672,0.03983333333333334,3.298666666666667,0.0055000000000000005,1.8196666666666668
296,2019-10-23,0.0,0.8234999999999998,0.0011666666666666668,1.338666666666667,0.02383333333333333,2.7916666666666665,0.025166666666666667,2.8640000000000003
297,2019-10-24,0.02383333333333333,2.8025,0.011666666666666669,2.0846666666666667,0.034833333333333334,3.1271666666666667,0.007333333333333333,2.0335
298,2019-10-25,0.0011666666666666668,1.1951666666666665,0.0013333333333333333,0.9976666666666666,0.015166666666666669,2.473666666666667,0.006666666666666667,1.9931666666666663
299,2019-10-26,0.017666666666666667,2.573166666666667,0.05050000000000001,3.502,0.1575,5.218166666666668,0.17533333333333334,5.449333333333333
300,2019-10-27,0.09016666666666667,4.268666666666667,0.07150000000000001,3.941833333333333,0.005833333333333333,1.5089999999999997,0.0006666666666666666,1.0786666666666669
301,2019-10-28,0.007333333333333333,2.040833333333333,0.0031666666666666666,1.703,0.001,1.2826666666666668,0.011333333333333334,2.255666666666667
302,2019-10-29,0.0165,2.494666666666667,0.019,2.617666666666667,0.00816666666666667,1.9216666666666664,0.011833333333333336,1.997
303,2019-10-30,0.0030000000000000005,1.4021666666666668,0.03966666666666667,3.2861666666666665,0.07183333333333332,3.989333333333333,0.02483333333333334,2.778166666666667
304,2019-10-31,0.012500000000000002,2.2100000000000004,0.08233333333333334,4.147333333333333,0.10283333333333332,4.4995,0.055999999999999994,3.6803333333333335
305,2019-11-01,0.07700000000000001,4.095166666666667,0.16116666666666668,5.269166666666667,0.22683333333333336,5.967833333333332,0.23466666666666666,6.050166666666668
306,2019-11-02,0.19533333333333333,5.656000000000001,0.076,3.931333333333333,0.02733333333333333,2.916833333333333,0.01216666666666667,2.2613333333333334
307,2019-11-03,0.0036000000000000008,1.6369999999999998,0.06949999999999999,3.9003333333333337,0.02316666666666667,2.7871666666666663,0.0028333333333333327,1.5965
308,2019-11-04,0.01633333333333334,2.4716666666666667,0.06699999999999999,3.8861666666666665,0.09083333333333334,4.290666666666667,0.07916666666666666,4.0699999999999985
309,2019-11-05,0.004333333333333334,1.590666666666667,0.07616666666666667,3.887833333333333,0.14566666666666664,5.0969999999999995,0.04116666666666667,3.1093333333333333
310,2019-11-06,0.009833333333333331,2.1731666666666665,0.008833333333333334,2.096833333333333,0.04466666666666667,3.392666666666667,0.07833333333333332,4.118166666666667
311,2019-11-07,0.09216666666666666,4.354166666666667,0.038,3.0868333333333333,0.03833333333333334,3.092166666666667,0.02266666666666667,2.7753333333333337
312,2019-11-08,0.0105,2.2198333333333333,0.005333333333333333,1.908,0.025333333333333336,2.8036666666666665,0.060666666666666674,3.7863333333333338
313,2019-11-09,0.05933333333333333,3.753,0.07200000000000001,3.9933333333333336,0.07566666666666666,4.023333333333333,0.083,4.170833333333333
314,2019-11-10,0.065,3.862333333333333,0.06483333333333334,3.865,0.06466666666666666,3.860500000000001,0.02983333333333333,3.0071666666666665
315,2019-11-11,0.038,3.2373333333333334,0.11383333333333336,4.6305,0.20733333333333331,5.780833333333334,0.19833333333333336,5.6979999999999995
316,2019-11-12,0.14800000000000002,5.112666666666667,0.15116666666666667,5.136,0.2818333333333333,6.454999999999999,0.33799999999999997,6.914666666666666
317,2019-11-13,0.2743333333333334,6.384833333333334,0.1466666666666667,5.1178333333333335,0.12416666666666665,4.821833333333333,0.13316666666666668,4.940833333333334
318,2019-11-14,0.14783333333333334,5.126166666666667,0.028833333333333325,2.8063333333333333,0.050666666666666665,3.466,0.029833333333333326,2.9788333333333328
319,2019-11-15,0.05716666666666668,3.659833333333333,0.09483333333333334,4.376,0.11316666666666665,4.668666666666666,0.04233333333333333,3.3296666666666668
320,2019-11-16,0.0165,2.487,0.0031666666666666666,1.6851666666666667,0.007666666666666665,2.092833333333333,0.0023333333333333327,1.5759999999999998
321,2019-11-17,0.0015000000000000002,1.4106666666666667,0.002166666666666667,1.550166666666667,0.005,1.8006666666666666,0.022166666666666668,2.718166666666667
322,2019-11-18,0.035500000000000004,3.1891666666666665,0.03716666666666667,3.214166666666667,0.060666666666666674,3.749333333333334,0.06516666666666666,3.870666666666666
323,2019-11-19,0.06516666666666666,3.8813333333333335,0.052333333333333336,3.608333333333333,0.04516666666666667,3.419666666666666,0.0805,4.1635
324,2019-11-20,0.092,4.350833333333333,0.07516666666666667,4.032333333333334,0.06433333333333334,3.8191666666666655,0.11283333333333335,4.6724999999999985
325,2019-11-21,0.06916666666666668,3.900166666666667,0.011333333333333334,2.141666666666666,0.0165,2.3158333333333334,0.06433333333333334,3.8538333333333328
326,2019-11-22,0.044833333333333336,3.374333333333334,0.0008333333333333334,1.0598333333333334,0.0023333333333333327,1.311333333333333,0.009666666666666669,2.164333333333333
327,2019-11-23,0.02283333333333333,2.729,0.10366666666666667,4.486000000000001,0.117,4.713666666666667,0.042666666666666665,3.3523333333333327
328,2019-11-24,0.022166666666666668,2.75,0.0275,2.910333333333333,0.06283333333333334,3.818333333333333,0.062333333333333324,3.816166666666666
329,2019-11-25,0.05683333333333334,3.7009999999999987,0.091,4.324166666666667,0.1865,5.535833333333334,0.18800000000000006,5.564166666666668
330,2019-11-26,0.2488333333333333,6.172999999999999,0.2453333333333333,6.1271666666666675,0.12783333333333333,4.861000000000001,0.14133333333333334,5.041833333333334
331,2019-11-27,0.05333333333333334,3.572833333333333,0.0265,2.7448333333333337,0.1115,4.648833333333333,0.08016666666666666,4.0645
332,2019-11-28,0.01883333333333333,2.637166666666667,0.0066666666666666645,1.9853333333333327,0.006000000000000001,1.9496666666666669,0.01983333333333333,2.6335
333,2019-11-29,0.052000000000000005,3.5865,0.105,4.5425,0.079,4.133666666666668,0.092,4.338666666666667
334,2019-11-30,0.014333333333333337,2.1846666666666663,0.0011666666666666668,1.3721666666666668,0.0,0.7819999999999999,0.0,0.8228333333333335
335,2019-12-01,0.002,1.4391666666666667,0.016,2.488166666666667,0.07866666666666668,4.027666666666667,0.0855,4.198166666666666
336,2019-12-02,0.042,3.358833333333333,0.04466666666666666,3.424666666666667,0.059833333333333336,3.7525,0.03583333333333333,3.1283333333333325
337,2019-12-03,0.002,1.2095,0.0041666666666666675,1.586666666666667,0.07033333333333333,3.886166666666666,0.13433333333333333,4.962166666666667
338,2019-12-04,0.09483333333333333,4.371333333333333,0.0335,3.087333333333333,0.020000000000000004,2.6013333333333333,0.04783333333333334,3.479333333333333
339,2019-12-05,0.0018333333333333333,1.3768333333333331,0.10583333333333332,4.4945,0.15066666666666667,5.153833333333332,0.052666666666666674,3.510666666666667
340,2019-12-06,0.0030000000000000005,1.6388333333333334,0.017666666666666667,2.5253333333333337,0.03133333333333333,3.0658333333333334,0.014333333333333337,2.421666666666667
341,2019-12-07,0.014,2.4218333333333337,0.0165,2.5338333333333334,0.018833333333333337,2.637166666666667,0.011833333333333331,2.3111666666666664
342,2019-12-08,0.0055000000000000005,1.8946666666666667,0.00816666666666667,2.0866666666666664,0.021333333333333333,2.7125000000000004,0.0265,2.907833333333333
343,2019-12-09,0.002,0.943,0.0006666666666666666,1.0445,0.0016666666666666668,1.4806666666666668,0.005333333333333333,1.8706666666666665
344,2019-12-10,0.0006666666666666666,1.2226666666666668,0.0,0.773,0.0045000000000000005,1.7548333333333332,0.012166666666666666,2.339166666666667
345,2019-12-11,0.015666666666666666,2.5055000000000005,0.0145,2.4439999999999995,0.051833333333333335,3.5485000000000007,0.09149999999999997,4.3405000000000005
346,2019-12-12,0.07716666666666668,4.0495,0.016,2.4186666666666667,0.009166666666666668,2.1681666666666666,0.08333333333333333,3.9576666666666664
347,2019-12-13,0.06666666666666668,3.7936666666666663,0.03266666666666667,3.096,0.036166666666666666,3.199,0.026166666666666668,2.892666666666667
348,2019-12-14,0.054000000000000006,3.637166666666667,0.07216666666666667,4.002,0.128,4.878,0.1406666666666667,5.043833333333334
349,2019-12-15,0.1345,4.955333333333333,0.09166666666666667,4.329833333333333,0.08600000000000001,4.234,0.02366666666666667,2.5706666666666664
350,2019-12-16,0.04033333333333333,2.9066666666666663,0.1055,4.499,0.054000000000000006,3.261333333333333,0.011166666666666668,2.2251666666666665
351,2019-12-17,0.0006666666666666666,1.145333333333333,0.008000000000000002,2.0820000000000003,0.013000000000000001,2.379166666666667,0.010333333333333337,2.232
352,2019-12-18,0.010666666666666666,2.251333333333333,0.035,3.0935,0.115,4.675166666666667,0.12916666666666668,4.8835000000000015
353,2019-12-19,0.08750000000000001,4.269833333333334,0.08066666666666666,4.152833333333334,0.12783333333333333,4.872333333333333,0.1381666666666667,5.0116666666666685
354,2019-12-20,0.10383333333333332,4.524,0.027000000000000003,2.7008333333333336,0.06366666666666666,3.556833333333333,0.114,4.669666666666667
355,2019-12-21,0.05016666666666667,3.534333333333333,0.021,2.6733333333333333,0.051833333333333335,3.5689999999999995,0.06316666666666666,3.8084999999999987
356,2019-12-22,0.08983333333333332,4.2905,0.19516666666666665,5.6228333333333325,0.22616666666666665,5.954666666666665,0.044500000000000005,3.2056666666666667
357,2019-12-23,0.02066666666666667,2.701,0.101,4.411666666666667,0.10100000000000002,4.408,0.012666666666666668,2.313333333333333
358,2019-12-24,0.0036666666666666666,1.6775000000000002,0.005666666666666667,1.8701666666666668,0.02783333333333333,2.6935,0.09516666666666666,4.406000000000001
359,2019-12-25,0.07116666666666667,3.9865,0.02016666666666667,2.400333333333333,0.002,1.5248333333333333,0.027999999999999997,2.8716666666666666
360,2019-12-26,0.01816666666666666,2.5721666666666665,0.013999999999999999,2.411,0.0605,3.7151666666666663,0.10683333333333334,4.5825
361,2019-12-27,0.09366666666666666,4.378333333333334,0.043166666666666666,3.3683333333333336,0.1155,4.594166666666666,0.14300000000000002,5.070333333333333
362,2019-12-28,0.10133333333333333,4.480166666666666,0.04083333333333333,3.301833333333333,0.08199999999999999,4.123166666666667,0.12533333333333332,4.840333333333334
363,2019-12-29,0.06483333333333334,3.848,0.010666666666666666,2.0588333333333333,0.005333333333333333,1.3233333333333333,0.029333333333333333,2.997833333333334
364,2019-12-30,0.0145,2.4425,0.008666666666666666,2.123,0.0095,2.155333333333333,0.023000000000000003,2.7943333333333333
365,2019-12-31,0.023000000000000003,2.7876666666666665,0.01633333333333334,2.403666666666667,0.011666666666666669,2.251,0.02975,3.00625
